Month,Day,Hour,Day of Week,Occupancy
1,1,0,1,1.25
1,1,1,1,1.125
1,1,2,1,1.5
1,1,3,1,0.875
1,1,4,1,0.125
1,1,5,1,0.0
1,1,6,1,0.0
1,1,7,1,0.0
1,1,8,1,0.0
1,1,9,1,0.375
1,1,10,1,1.125
1,1,11,1,1.625
1,1,12,1,2.75
1,1,13,1,3.125
1,1,14,1,3.375
1,1,15,1,3.0
1,1,16,1,3.125
1,1,17,1,2.5
1,1,18,1,2.375
1,1,19,1,2.625
1,1,20,1,1.75
1,1,21,1,1.5
1,1,22,1,0.875
1,1,23,1,0.375
1,8,0,1,0.0
1,8,1,1,0.0
1,8,2,1,0.0
1,8,3,1,0.0
1,8,4,1,0.0
1,8,5,1,0.375
1,8,6,1,2.5
1,8,7,1,9.625
1,8,8,1,20.875
1,8,9,1,22.375
1,8,10,1,8.375
1,8,11,1,6.0
1,8,12,1,6.375
1,8,13,1,6.375
1,8,14,1,5.5
1,8,15,1,6.375
1,8,16,1,8.875
1,8,17,1,13.125
1,8,18,1,17.5
1,8,19,1,6.375
1,8,20,1,3.125
1,8,21,1,2.0
1,8,22,1,0.875
1,8,23,1,0.375
1,18,0,1,0.0
1,18,1,1,0.0
1,18,2,1,0.0
1,18,3,1,0.0
1,18,4,1,0.0
1,18,5,1,0.0
1,18,6,1,0.625
1,18,7,1,1.75
1,18,8,1,2.625
1,18,9,1,3.625
1,18,10,1,3.875
1,18,11,1,4.625
1,18,12,1,6.75
1,18,13,1,6.5
1,18,14,1,6.875
1,18,15,1,7.125
1,18,16,1,7.25
1,18,17,1,10.125
1,18,18,1,6.625
1,18,19,1,4.25
1,18,20,1,2.375
1,18,21,1,1.125
1,18,22,1,0.75
1,18,23,1,0.25
1,21,0,1,0.25
1,21,1,1,0.0
1,21,2,1,0.0
1,21,3,1,0.0
1,21,4,1,0.0
1,21,5,1,0.25
1,21,6,1,1.75
1,21,7,1,4.75
1,21,8,1,6.625
1,21,9,1,6.875
1,21,10,1,6.625
1,21,11,1,6.375
1,21,12,1,7.75
1,21,13,1,8.375
1,21,14,1,7.5
1,21,15,1,8.125
1,21,16,1,8.875
1,21,17,1,8.125
1,21,18,1,7.0
1,21,19,1,5.125
1,21,20,1,2.875
1,21,21,1,1.5
1,21,22,1,1.0
1,21,23,1,0.25
1,22,0,1,0.0
1,22,1,1,0.0
1,22,2,1,0.0
1,22,3,1,0.0
1,22,4,1,0.0
1,22,5,1,0.375
1,22,6,1,2.5
1,22,7,1,9.625
1,22,8,1,26.125
1,22,9,1,26.0
1,22,10,1,8.125
1,22,11,1,6.5
1,22,12,1,6.375
1,22,13,1,7.25
1,22,14,1,5.625
1,22,15,1,7.0
1,22,16,1,8.0
1,22,17,1,32.375
1,22,18,1,16.75
1,22,19,1,7.875
1,22,20,1,3.625
1,22,21,1,2.0
1,22,22,1,1.25
1,22,23,1,0.5
1,25,0,1,0.0
1,25,1,1,0.0
1,25,2,1,0.0
1,25,3,1,0.0
1,25,4,1,0.0
1,25,5,1,0.125
1,25,6,1,1.375
1,25,7,1,3.125
1,25,8,1,6.0
1,25,9,1,5.875
1,25,10,1,4.125
1,25,11,1,3.875
1,25,12,1,4.75
1,25,13,1,4.875
1,25,14,1,4.25
1,25,15,1,4.875
1,25,16,1,7.125
1,25,17,1,8.75
1,25,18,1,7.75
1,25,19,1,4.5
1,25,20,1,2.375
1,25,21,1,1.375
1,25,22,1,0.75
1,25,23,1,0.375
1,28,0,1,0.0
1,28,1,1,0.0
1,28,2,1,0.0
1,28,3,1,0.0
1,28,4,1,0.0
1,28,5,1,0.375
1,28,6,1,2.375
1,28,7,1,9.25
1,28,8,1,21.75
1,28,9,1,29.0
1,28,10,1,13.25
1,28,11,1,7.0
1,28,12,1,7.25
1,28,13,1,8.0
1,28,14,1,6.625
1,28,15,1,7.0
1,28,16,1,8.625
1,28,17,1,16.125
1,28,18,1,13.375
1,28,19,1,8.125
1,28,20,1,4.25
1,28,21,1,1.625
1,28,22,1,1.375
1,28,23,1,0.5
1,29,0,1,0.0
1,29,1,1,0.0
1,29,2,1,0.0
1,29,3,1,0.0
1,29,4,1,0.0
1,29,5,1,0.375
1,29,6,1,2.5
1,29,7,1,10.625
1,29,8,1,25.0
1,29,9,1,22.25
1,29,10,1,9.125
1,29,11,1,6.75
1,29,12,1,7.0
1,29,13,1,7.375
1,29,14,1,5.75
1,29,15,1,6.375
1,29,16,1,8.25
1,29,17,1,13.5
1,29,18,1,17.5
1,29,19,1,6.125
1,29,20,1,3.0
1,29,21,1,2.1
1,29,22,1,1.125
1,29,23,1,0.16666666666666666
2,1,0,1,0.0
2,1,1,1,0.0
2,1,2,1,0.0
2,1,3,1,0.0
2,1,4,1,0.0
2,1,5,1,0.125
2,1,6,1,1.5
2,1,7,1,3.5
2,1,8,1,5.875
2,1,9,1,6.0
2,1,10,1,4.125
2,1,11,1,4.0
2,1,12,1,4.375
2,1,13,1,4.625
2,1,14,1,4.625
2,1,15,1,5.125
2,1,16,1,7.75
2,1,17,1,8.875
2,1,18,1,6.875
2,1,19,1,4.875
2,1,20,1,2.25
2,1,21,1,1.25
2,1,22,1,0.5
2,1,23,1,0.125
2,4,0,1,0.0
2,4,1,1,0.0
2,4,2,1,0.0
2,4,3,1,0.0
2,4,4,1,0.0
2,4,5,1,0.5
2,4,6,1,3.25
2,4,7,1,10.375
2,4,8,1,31.125
2,4,9,1,28.125
2,4,10,1,8.4
2,4,11,1,6.833333333333333
2,4,12,1,6.75
2,4,13,1,6.875
2,4,14,1,6.0
2,4,15,1,6.875
2,4,16,1,8.5
2,4,17,1,16.25
2,4,18,1,8.625
2,4,19,1,6.875
2,4,20,1,3.125
2,4,21,1,2.125
2,4,22,1,1.0
2,4,23,1,0.375
2,5,0,1,0.0
2,5,1,1,0.0
2,5,2,1,0.0
2,5,3,1,0.0
2,5,4,1,0.0
2,5,5,1,0.625
2,5,6,1,3.75
2,5,7,1,12.3
2,5,8,1,29.5
2,5,9,1,14.75
2,5,10,1,7.75
2,5,11,1,5.875
2,5,12,1,6.75
2,5,13,1,6.125
2,5,14,1,5.5
2,5,15,1,6.25
2,5,16,1,11.0
2,5,17,1,12.375
2,5,18,1,12.75
2,5,19,1,5.25
2,5,20,1,2.875
2,5,21,1,2.0
2,5,22,1,0.875
2,5,23,1,0.0
2,8,0,1,0.0
2,8,1,1,0.0
2,8,2,1,0.0
2,8,3,1,0.0
2,8,4,1,0.0
2,8,5,1,0.125
2,8,6,1,1.375
2,8,7,1,3.625
2,8,8,1,5.875
2,8,9,1,5.625
2,8,10,1,4.0
2,8,11,1,3.625
2,8,12,1,4.625
2,8,13,1,4.625
2,8,14,1,4.125
2,8,15,1,4.875
2,8,16,1,7.25
2,8,17,1,9.125
2,8,18,1,6.375
2,8,19,1,4.5
2,8,20,1,2.375
2,8,21,1,1.125
2,8,22,1,0.75
2,8,23,1,0.25
2,11,0,1,0.0
2,11,1,1,0.0
2,11,2,1,0.0
2,11,3,1,0.0
2,11,4,1,0.0
2,11,5,1,0.5
2,11,6,1,3.125
2,11,7,1,11.75
2,11,8,1,22.875
2,11,9,1,30.25
2,11,10,1,12.125
2,11,11,1,6.625
2,11,12,1,6.625
2,11,13,1,7.625
2,11,14,1,6.125
2,11,15,1,7.625
2,11,16,1,8.25
2,11,17,1,14.875
2,11,18,1,9.25
2,11,19,1,8.75
2,11,20,1,3.125
2,11,21,1,2.125
2,11,22,1,1.0
2,11,23,1,0.625
2,12,0,1,0.0
2,12,1,1,0.0
2,12,2,1,0.0
2,12,3,1,0.0
2,12,4,1,0.0
2,12,5,1,0.0
2,12,6,1,1.875
2,12,7,1,7.625
2,12,8,1,24.5
2,12,9,1,21.75
2,12,10,1,9.75
2,12,11,1,6.0
2,12,12,1,6.75
2,12,13,1,7.25
2,12,14,1,6.125
2,12,15,1,6.0
2,12,16,1,8.125
2,12,17,1,26.875
2,12,18,1,31.75
2,12,19,1,17.375
2,12,20,1,4.0
2,12,21,1,2.125
2,12,22,1,1.125
2,12,23,1,0.375
2,18,0,1,0.875
2,18,1,1,0.0
2,18,2,1,0.0
2,18,3,1,0.0
2,18,4,1,0.0
2,18,5,1,0.0
2,18,6,1,1.375
2,18,7,1,4.25
2,18,8,1,6.25
2,18,9,1,8.0
2,18,10,1,6.75
2,18,11,1,6.375
2,18,12,1,7.875
2,18,13,1,8.75
2,18,14,1,8.375
2,18,15,1,8.5
2,18,16,1,9.0
2,18,17,1,8.125
2,18,18,1,7.125
2,18,19,1,6.75
2,18,20,1,3.75
2,18,21,1,2.125
2,18,22,1,1.25
2,18,23,1,0.625
2,19,0,1,0.375
2,19,1,1,0.0
2,19,2,1,0.0
2,19,3,1,0.0
2,19,4,1,0.0
2,19,5,1,0.125
2,19,6,1,1.625
2,19,7,1,4.5
2,19,8,1,6.625
2,19,9,1,7.125
2,19,10,1,6.25
2,19,11,1,6.25
2,19,12,1,8.0
2,19,13,1,6.625
2,19,14,1,6.5
2,19,15,1,6.0
2,19,16,1,7.5
2,19,17,1,6.625
2,19,18,1,6.875
2,19,19,1,4.75
2,19,20,1,3.0
2,19,21,1,1.625
2,19,22,1,1.0
2,19,23,1,0.375
2,22,0,1,0.0
2,22,1,1,0.0
2,22,2,1,0.0
2,22,3,1,0.0
2,22,4,1,0.0
2,22,5,1,0.125
2,22,6,1,1.25
2,22,7,1,2.625
2,22,8,1,5.0
2,22,9,1,5.125
2,22,10,1,4.625
2,22,11,1,3.875
2,22,12,1,4.75
2,22,13,1,5.625
2,22,14,1,5.5
2,22,15,1,6.125
2,22,16,1,7.25
2,22,17,1,13.375
2,22,18,1,7.625
2,22,19,1,5.75
2,22,20,1,2.75
2,22,21,1,1.25
2,22,22,1,0.75
2,22,23,1,0.0
2,26,0,1,0.0
2,26,1,1,0.0
2,26,2,1,0.0
2,26,3,1,0.0
2,26,4,1,0.0
2,26,5,1,0.75
2,26,6,1,4.0
2,26,7,1,11.2
2,26,8,1,30.666666666666668
2,26,9,1,21.5
2,26,10,1,7.5
2,26,11,1,6.375
2,26,12,1,6.0
2,26,13,1,7.625
2,26,14,1,6.0
2,26,15,1,7.0
2,26,16,1,9.875
2,26,17,1,13.0
2,26,18,1,18.625
2,26,19,1,5.25
2,26,20,1,2.875
2,26,21,1,1.875
2,26,22,1,1.0
2,26,23,1,0.25
3,4,0,1,0.0
3,4,1,1,0.0
3,4,2,1,0.0
3,4,3,1,0.0
3,4,4,1,0.0
3,4,5,1,0.375
3,4,6,1,3.125
3,4,7,1,13.125
3,4,8,1,29.625
3,4,9,1,25.375
3,4,10,1,8.875
3,4,11,1,6.375
3,4,12,1,6.5
3,4,13,1,7.125
3,4,14,1,6.125
3,4,15,1,7.0
3,4,16,1,8.625
3,4,17,1,22.25
3,4,18,1,8.5
3,4,19,1,7.0
3,4,20,1,3.25
3,4,21,1,2.25
3,4,22,1,1.0
3,4,23,1,0.25
3,5,0,1,0.0
3,5,1,1,0.0
3,5,2,1,0.0
3,5,3,1,0.0
3,5,4,1,0.0
3,5,5,1,0.8333333333333334
3,5,6,1,4.125
3,5,7,1,11.875
3,5,8,1,29.0
3,5,9,1,22.0
3,5,10,1,7.125
3,5,11,1,6.375
3,5,12,1,6.0
3,5,13,1,6.5
3,5,14,1,6.125
3,5,15,1,6.125
3,5,16,1,8.875
3,5,17,1,11.625
3,5,18,1,10.5
3,5,19,1,5.5
3,5,20,1,2.75
3,5,21,1,1.75
3,5,22,1,0.625
3,5,23,1,0.125
3,8,0,1,0.0
3,8,1,1,0.0
3,8,2,1,0.0
3,8,3,1,0.0
3,8,4,1,0.0
3,8,5,1,0.125
3,8,6,1,1.375
3,8,7,1,3.5
3,8,8,1,6.625
3,8,9,1,6.0
3,8,10,1,4.875
3,8,11,1,4.375
3,8,12,1,6.25
3,8,13,1,5.0
3,8,14,1,5.125
3,8,15,1,6.625
3,8,16,1,8.5
3,8,17,1,10.75
3,8,18,1,13.5
3,8,19,1,4.875
3,8,20,1,2.875
3,8,21,1,1.375
3,8,22,1,0.625
3,8,23,1,0.125
3,11,0,1,0.625
3,11,1,1,0.0
3,11,2,1,0.0
3,11,3,1,0.0
3,11,4,1,0.0
3,11,5,1,0.5
3,11,6,1,2.875
3,11,7,1,10.375
3,11,8,1,28.75
3,11,9,1,32.125
3,11,10,1,19.75
3,11,11,1,8.75
3,11,12,1,8.75
3,11,13,1,8.625
3,11,14,1,8.25
3,11,15,1,8.5
3,11,16,1,8.125
3,11,17,1,18.875
3,11,18,1,23.5
3,11,19,1,6.375
3,11,20,1,4.25
3,11,21,1,2.75
3,11,22,1,2.375
3,11,23,1,1.0
3,12,0,1,0.5
3,12,1,1,0.25
3,12,2,1,0.0
3,12,3,1,0.0
3,12,4,1,0.0
3,12,5,1,0.625
3,12,6,1,3.375
3,12,7,1,9.625
3,12,8,1,13.875
3,12,9,1,26.375
3,12,10,1,10.0
3,12,11,1,9.125
3,12,12,1,8.375
3,12,13,1,8.375
3,12,14,1,7.0
3,12,15,1,7.375
3,12,16,1,7.875
3,12,17,1,22.625
3,12,18,1,23.625
3,12,19,1,5.875
3,12,20,1,4.0
3,12,21,1,2.625
3,12,22,1,2.125
3,12,23,1,1.25
3,15,0,1,0.0
3,15,1,1,0.0
3,15,2,1,0.0
3,15,3,1,0.0
3,15,4,1,0.0
3,15,5,1,0.125
3,15,6,1,1.125
3,15,7,1,2.75
3,15,8,1,4.625
3,15,9,1,4.875
3,15,10,1,4.5
3,15,11,1,4.625
3,15,12,1,6.75
3,15,13,1,6.625
3,15,14,1,7.75
3,15,15,1,7.875
3,15,16,1,8.0
3,15,17,1,8.875
3,15,18,1,14.75
3,15,19,1,7.25
3,15,20,1,4.375
3,15,21,1,2.25
3,15,22,1,1.125
3,15,23,1,0.875
3,18,0,1,0.125
3,18,1,1,0.0
3,18,2,1,0.0
3,18,3,1,0.0
3,18,4,1,0.0
3,18,5,1,0.625
3,18,6,1,2.625
3,18,7,1,8.75
3,18,8,1,19.125
3,18,9,1,11.625
3,18,10,1,7.75
3,18,11,1,6.375
3,18,12,1,6.625
3,18,13,1,7.125
3,18,14,1,7.0
3,18,15,1,7.375
3,18,16,1,8.0
3,18,17,1,7.75
3,18,18,1,7.5
3,18,19,1,5.75
3,18,20,1,3.5
3,18,21,1,2.125
3,18,22,1,1.125
3,18,23,1,0.5
3,19,0,1,0.0
3,19,1,1,0.0
3,19,2,1,0.0
3,19,3,1,0.0
3,19,4,1,0.0
3,19,5,1,0.875
3,19,6,1,4.125
3,19,7,1,12.75
3,19,8,1,25.75
3,19,9,1,24.25
3,19,10,1,7.75
3,19,11,1,7.5
3,19,12,1,6.75
3,19,13,1,6.875
3,19,14,1,5.875
3,19,15,1,7.875
3,19,16,1,9.25
3,19,17,1,15.375
3,19,18,1,19.625
3,19,19,1,6.125
3,19,20,1,3.625
3,19,21,1,2.0
3,19,22,1,1.0
3,19,23,1,0.25
3,22,0,1,0.0
3,22,1,1,0.0
3,22,2,1,0.0
3,22,3,1,0.0
3,22,4,1,0.0
3,22,5,1,0.125
3,22,6,1,1.25
3,22,7,1,3.25
3,22,8,1,6.25
3,22,9,1,6.0
3,22,10,1,4.25
3,22,11,1,4.625
3,22,12,1,5.125
3,22,13,1,5.375
3,22,14,1,5.5
3,22,15,1,6.125
3,22,16,1,9.375
3,22,17,1,11.0
3,22,18,1,7.5
3,22,19,1,4.375
3,22,20,1,2.5
3,22,21,1,1.625
3,22,22,1,0.75
3,22,23,1,3.75
3,25,0,1,0.0
3,25,1,1,0.0
3,25,2,1,0.0
3,25,3,1,0.0
3,25,4,1,0.0
3,25,5,1,0.125
3,25,6,1,2.125
3,25,7,1,9.125
3,25,8,1,25.5
3,25,9,1,20.5
3,25,10,1,13.375
3,25,11,1,8.0
3,25,12,1,7.125
3,25,13,1,7.875
3,25,14,1,7.125
3,25,15,1,7.375
3,25,16,1,8.0
3,25,17,1,23.875
3,25,18,1,26.0
3,25,19,1,9.125
3,25,20,1,4.0
3,25,21,1,2.75
3,25,22,1,1.375
3,25,23,1,0.625
3,26,0,1,0.0
3,26,1,1,0.0
3,26,2,1,0.0
3,26,3,1,0.0
3,26,4,1,0.0
3,26,5,1,0.25
3,26,6,1,2.875
3,26,7,1,9.625
3,26,8,1,17.25
3,26,9,1,23.125
3,26,10,1,9.0
3,26,11,1,6.875
3,26,12,1,7.25
3,26,13,1,8.25
3,26,14,1,6.875
3,26,15,1,7.375
3,26,16,1,7.625
3,26,17,1,15.75
3,26,18,1,11.125
3,26,19,1,19.875
3,26,20,1,4.5
3,26,21,1,2.125
3,26,22,1,1.125
3,26,23,1,0.25
4,1,0,1,0.0
4,1,1,1,0.0
4,1,2,1,0.0
4,1,3,1,0.0
4,1,4,1,0.0
4,1,5,1,0.625
4,1,6,1,3.25
4,1,7,1,9.875
4,1,8,1,19.5
4,1,9,1,23.125
4,1,10,1,8.125
4,1,11,1,6.75
4,1,12,1,8.25
4,1,13,1,8.0
4,1,14,1,6.625
4,1,15,1,7.625
4,1,16,1,9.75
4,1,17,1,25.0
4,1,18,1,9.625
4,1,19,1,6.5
4,1,20,1,3.875
4,1,21,1,2.5
4,1,22,1,1.125
4,1,23,1,0.375
4,2,0,1,0.0
4,2,1,1,0.0
4,2,2,1,0.0
4,2,3,1,0.0
4,2,4,1,0.0
4,2,5,1,0.75
4,2,6,1,4.25
4,2,7,1,11.625
4,2,8,1,16.625
4,2,9,1,13.8
4,2,10,1,7.25
4,2,11,1,7.375
4,2,12,1,7.375
4,2,13,1,7.25
4,2,14,1,6.375
4,2,15,1,7.5
4,2,16,1,10.75
4,2,17,1,22.125
4,2,18,1,8.75
4,2,19,1,5.25
4,2,20,1,3.625
4,2,21,1,2.125
4,2,22,1,1.0
4,2,23,1,0.16666666666666666
4,5,0,1,0.125
4,5,1,1,0.0
4,5,2,1,0.0
4,5,3,1,0.0
4,5,4,1,0.0
4,5,5,1,0.0
4,5,6,1,1.125
4,5,7,1,3.5
4,5,8,1,5.875
4,5,9,1,6.125
4,5,10,1,4.375
4,5,11,1,4.375
4,5,12,1,6.125
4,5,13,1,6.625
4,5,14,1,6.625
4,5,15,1,7.125
4,5,16,1,8.5
4,5,17,1,8.75
4,5,18,1,8.125
4,5,19,1,5.625
4,5,20,1,3.75
4,5,21,1,2.0
4,5,22,1,0.875
4,5,23,1,0.625
4,6,0,1,0.0
4,6,1,1,0.0
4,6,2,1,0.0
4,6,3,1,0.0
4,6,4,1,0.0
4,6,5,1,0.0
4,6,6,1,0.375
4,6,7,1,1.375
4,6,8,1,1.5
4,6,9,1,1.75
4,6,10,1,1.625
4,6,11,1,1.5
4,6,12,1,2.0
4,6,13,1,2.125
4,6,14,1,2.0
4,6,15,1,2.0
4,6,16,1,1.875
4,6,17,1,1.875
4,6,18,1,1.875
4,6,19,1,1.5
4,6,20,1,1.125
4,6,21,1,0.25
4,6,22,1,0.0
4,6,23,1,0.0
4,8,0,1,0.0
4,8,1,1,0.0
4,8,2,1,0.0
4,8,3,1,0.0
4,8,4,1,0.0
4,8,5,1,1.0
4,8,6,1,4.5
4,8,7,1,13.625
4,8,8,1,29.375
4,8,9,1,25.625
4,8,10,1,8.375
4,8,11,1,6.375
4,8,12,1,7.375
4,8,13,1,9.0
4,8,14,1,11.5
4,8,15,1,8.875
4,8,16,1,9.875
4,8,17,1,20.25
4,8,18,1,15.125
4,8,19,1,7.0
4,8,20,1,3.75
4,8,21,1,2.375
4,8,22,1,1.125
4,8,23,1,0.875
4,9,0,1,0.0
4,9,1,1,0.0
4,9,2,1,0.0
4,9,3,1,0.0
4,9,4,1,0.0
4,9,5,1,0.25
4,9,6,1,2.625
4,9,7,1,9.75
4,9,8,1,15.5
4,9,9,1,15.125
4,9,10,1,8.25
4,9,11,1,6.25
4,9,12,1,6.625
4,9,13,1,7.25
4,9,14,1,6.0
4,9,15,1,6.5
4,9,16,1,8.0
4,9,17,1,15.75
4,9,18,1,9.0
4,9,19,1,6.375
4,9,20,1,3.25
4,9,21,1,2.5
4,9,22,1,1.25
4,9,23,1,0.5
4,12,0,1,0.0
4,12,1,1,0.0
4,12,2,1,0.0
4,12,3,1,0.0
4,12,4,1,0.0
4,12,5,1,0.125
4,12,6,1,1.375
4,12,7,1,3.5
4,12,8,1,6.5
4,12,9,1,6.625
4,12,10,1,4.5
4,12,11,1,4.5
4,12,12,1,5.625
4,12,13,1,5.75
4,12,14,1,5.375
4,12,15,1,6.625
4,12,16,1,8.75
4,12,17,1,8.75
4,12,18,1,8.0
4,12,19,1,5.5
4,12,20,1,3.5
4,12,21,1,2.25
4,12,22,1,1.0
4,12,23,1,0.5
4,13,0,1,0.0
4,13,1,1,0.0
4,13,2,1,0.0
4,13,3,1,0.0
4,13,4,1,0.0
4,13,5,1,0.0
4,13,6,1,0.5
4,13,7,1,1.25
4,13,8,1,1.5
4,13,9,1,1.75
4,13,10,1,1.875
4,13,11,1,2.0
4,13,12,1,2.0
4,13,13,1,2.25
4,13,14,1,2.25
4,13,15,1,2.0
4,13,16,1,2.25
4,13,17,1,2.375
4,13,18,1,2.0
4,13,19,1,1.875
4,13,20,1,1.125
4,13,21,1,0.375
4,13,22,1,0.0
4,13,23,1,0.0
4,15,0,1,0.0
4,15,1,1,0.0
4,15,2,1,0.0
4,15,3,1,0.0
4,15,4,1,0.0
4,15,5,1,1.125
4,15,6,1,4.5
4,15,7,1,12.125
4,15,8,1,31.5
4,15,9,1,28.375
4,15,10,1,8.875
4,15,11,1,7.875
4,15,12,1,9.125
4,15,13,1,8.25
4,15,14,1,7.25
4,15,15,1,8.625
4,15,16,1,11.0
4,15,17,1,12.375
4,15,18,1,8.0
4,15,19,1,6.375
4,15,20,1,3.75
4,15,21,1,2.375
4,15,22,1,1.25
4,15,23,1,0.5
4,16,0,1,0.0
4,16,1,1,0.0
4,16,2,1,0.0
4,16,3,1,0.0
4,16,4,1,0.0
4,16,5,1,0.75
4,16,6,1,3.625
4,16,7,1,11.625
4,16,8,1,17.125
4,16,9,1,17.125
4,16,10,1,7.875
4,16,11,1,6.375
4,16,12,1,6.75
4,16,13,1,7.625
4,16,14,1,6.625
4,16,15,1,8.375
4,16,16,1,14.5
4,16,17,1,28.625
4,16,18,1,17.25
4,16,19,1,5.625
4,16,20,1,3.5
4,16,21,1,2.0
4,16,22,1,1.0
4,16,23,1,0.25
4,19,0,1,0.0
4,19,1,1,0.0
4,19,2,1,0.0
4,19,3,1,0.0
4,19,4,1,0.0
4,19,5,1,0.125
4,19,6,1,1.5
4,19,7,1,3.625
4,19,8,1,6.875
4,19,9,1,6.75
4,19,10,1,4.875
4,19,11,1,4.625
4,19,12,1,5.75
4,19,13,1,6.0
4,19,14,1,5.75
4,19,15,1,6.375
4,19,16,1,8.25
4,19,17,1,8.5
4,19,18,1,7.5
4,19,19,1,5.75
4,19,20,1,3.375
4,19,21,1,2.375
4,19,22,1,1.125
4,19,23,1,0.375
4,20,0,1,0.0
4,20,1,1,0.0
4,20,2,1,0.0
4,20,3,1,0.0
4,20,4,1,0.0
4,20,5,1,0.0
4,20,6,1,0.5
4,20,7,1,1.25
4,20,8,1,2.0
4,20,9,1,2.125
4,20,10,1,1.75
4,20,11,1,2.0
4,20,12,1,2.5
4,20,13,1,2.625
4,20,14,1,2.375
4,20,15,1,2.25
4,20,16,1,2.5
4,20,17,1,2.625
4,20,18,1,2.375
4,20,19,1,2.0
4,20,20,1,1.375
4,20,21,1,0.625
4,20,22,1,0.0
4,20,23,1,0.0
4,23,0,1,0.0
4,23,1,1,0.0
4,23,2,1,0.0
4,23,3,1,0.0
4,23,4,1,0.0
4,23,5,1,0.875
4,23,6,1,4.0
4,23,7,1,11.375
4,23,8,1,24.875
4,23,9,1,15.75
4,23,10,1,8.0
4,23,11,1,7.0
4,23,12,1,7.625
4,23,13,1,7.375
4,23,14,1,6.125
4,23,15,1,7.625
4,23,16,1,12.125
4,23,17,1,18.125
4,23,18,1,29.25
4,23,19,1,5.75
4,23,20,1,3.875
4,23,21,1,2.25
4,23,22,1,1.125
4,23,23,1,0.125
4,26,0,1,0.0
4,26,1,1,0.0
4,26,2,1,0.0
4,26,3,1,0.0
4,26,4,1,0.0
4,26,5,1,0.0
4,26,6,1,0.5
4,26,7,1,2.125
4,26,8,1,5.0
4,26,9,1,6.375
4,26,10,1,5.25
4,26,11,1,4.375
4,26,12,1,5.5
4,26,13,1,5.625
4,26,14,1,5.125
4,26,15,1,6.666666666666667
4,26,16,1,8.125
4,26,17,1,9.0
4,26,18,1,8.0
4,26,19,1,5.75
4,26,20,1,3.5
4,26,21,1,2.125
4,26,22,1,1.25
4,26,23,1,0.5
4,27,0,1,0.0
4,27,1,1,0.0
4,27,2,1,0.0
4,27,3,1,0.0
4,27,4,1,0.0
4,27,5,1,0.0
4,27,6,1,0.625
4,27,7,1,1.375
4,27,8,1,2.375
4,27,9,1,2.25
4,27,10,1,1.875
4,27,11,1,2.125
4,27,12,1,2.375
4,27,13,1,3.0
4,27,14,1,2.875
4,27,15,1,2.375
4,27,16,1,2.5
4,27,17,1,2.75
4,27,18,1,2.625
4,27,19,1,2.125
4,27,20,1,1.375
4,27,21,1,0.625
4,27,22,1,0.125
4,27,23,1,0.0
4,29,0,1,0.125
4,29,1,1,0.0
4,29,2,1,0.0
4,29,3,1,0.0
4,29,4,1,0.0
4,29,5,1,0.625
4,29,6,1,3.0
4,29,7,1,11.375
4,29,8,1,30.125
4,29,9,1,31.0
4,29,10,1,8.625
4,29,11,1,6.5
4,29,12,1,7.5
4,29,13,1,7.25
4,29,14,1,8.0
4,29,15,1,32.625
4,29,16,1,7.875
4,29,17,1,20.625
4,29,18,1,15.375
4,29,19,1,7.5
4,29,20,1,4.125
4,29,21,1,2.75
4,29,22,1,1.375
4,29,23,1,0.75
4,30,0,1,0.125
4,30,1,1,0.0
4,30,2,1,0.0
4,30,3,1,0.0
4,30,4,1,0.0
4,30,5,1,0.75
4,30,6,1,4.125
4,30,7,1,11.625
4,30,8,1,24.5
4,30,9,1,15.625
4,30,10,1,8.125
4,30,11,1,8.0
4,30,12,1,7.25
4,30,13,1,8.125
4,30,14,1,5.75
4,30,15,1,7.375
4,30,16,1,10.75
4,30,17,1,15.5
4,30,18,1,9.875
4,30,19,1,5.5
4,30,20,1,3.5
4,30,21,1,2.0
4,30,22,1,0.875
4,30,23,1,0.375
5,3,0,1,0.25
5,3,1,1,0.0
5,3,2,1,0.0
5,3,3,1,0.0
5,3,4,1,0.0
5,3,5,1,0.25
5,3,6,1,1.5
5,3,7,1,4.125
5,3,8,1,7.0
5,3,9,1,6.875
5,3,10,1,5.375
5,3,11,1,5.25
5,3,12,1,6.5
5,3,13,1,6.375
5,3,14,1,5.75
5,3,15,1,6.75
5,3,16,1,9.75
5,3,17,1,12.375
5,3,18,1,8.625
5,3,19,1,5.75
5,3,20,1,4.0
5,3,21,1,2.375
5,3,22,1,1.0
5,3,23,1,0.625
5,4,0,1,0.0
5,4,1,1,0.0
5,4,2,1,0.0
5,4,3,1,0.0
5,4,4,1,0.0
5,4,5,1,0.0
5,4,6,1,0.625
5,4,7,1,1.875
5,4,8,1,2.375
5,4,9,1,2.5
5,4,10,1,2.375
5,4,11,1,2.25
5,4,12,1,3.25
5,4,13,1,3.25
5,4,14,1,2.75
5,4,15,1,3.0
5,4,16,1,3.125
5,4,17,1,3.25
5,4,18,1,3.0
5,4,19,1,2.25
5,4,20,1,1.75
5,4,21,1,1.125
5,4,22,1,0.25
5,4,23,1,0.0
5,7,0,1,0.0
5,7,1,1,0.0
5,7,2,1,0.0
5,7,3,1,0.0
5,7,4,1,0.0
5,7,5,1,0.875
5,7,6,1,4.0
5,7,7,1,12.75
5,7,8,1,31.625
5,7,9,1,15.625
5,7,10,1,7.75
5,7,11,1,6.6
5,7,12,1,7.5
5,7,13,1,7.7
5,7,14,1,6.875
5,7,15,1,7.8
5,7,16,1,11.375
5,7,17,1,27.875
5,7,18,1,12.75
5,7,19,1,5.375
5,7,20,1,3.625
5,7,21,1,2.25
5,7,22,1,1.125
5,7,23,1,0.375
5,10,0,1,0.0
5,10,1,1,0.0
5,10,2,1,0.0
5,10,3,1,0.0
5,10,4,1,0.0
5,10,5,1,0.125
5,10,6,1,1.375
5,10,7,1,4.0
5,10,8,1,6.75
5,10,9,1,7.125
5,10,10,1,5.625
5,10,11,1,5.125
5,10,12,1,5.75
5,10,13,1,5.75
5,10,14,1,5.875
5,10,15,1,7.125
5,10,16,1,11.375
5,10,17,1,9.125
5,10,18,1,8.0
5,10,19,1,5.875
5,10,20,1,3.5
5,10,21,1,2.125
5,10,22,1,1.125
5,10,23,1,0.625
5,11,0,1,0.0
5,11,1,1,0.0
5,11,2,1,0.0
5,11,3,1,0.0
5,11,4,1,0.0
5,11,5,1,0.0
5,11,6,1,0.625
5,11,7,1,1.5
5,11,8,1,2.5
5,11,9,1,2.5
5,11,10,1,2.25
5,11,11,1,2.625
5,11,12,1,3.25
5,11,13,1,3.5
5,11,14,1,3.125
5,11,15,1,3.125
5,11,16,1,3.5
5,11,17,1,3.375
5,11,18,1,3.125
5,11,19,1,2.5
5,11,20,1,2.375
5,11,21,1,1.25
5,11,22,1,0.375
5,11,23,1,0.0
5,13,0,1,0.125
5,13,1,1,0.0
5,13,2,1,0.0
5,13,3,1,0.0
5,13,4,1,0.0
5,13,5,1,1.125
5,13,6,1,4.625
5,13,7,1,11.375
5,13,8,1,25.625
5,13,9,1,28.375
5,13,10,1,8.5
5,13,11,1,7.75
5,13,12,1,8.0
5,13,13,1,7.625
5,13,14,1,7.125
5,13,15,1,8.875
5,13,16,1,14.0
5,13,17,1,28.0
5,13,18,1,10.875
5,13,19,1,6.0
5,13,20,1,3.75
5,13,21,1,2.375
5,13,22,1,1.375
5,13,23,1,0.375
5,14,0,1,0.0
5,14,1,1,0.0
5,14,2,1,0.0
5,14,3,1,0.0
5,14,4,1,0.0
5,14,5,1,0.75
5,14,6,1,4.25
5,14,7,1,12.625
5,14,8,1,30.625
5,14,9,1,22.375
5,14,10,1,7.625
5,14,11,1,7.5
5,14,12,1,7.75
5,14,13,1,7.75
5,14,14,1,6.0
5,14,15,1,7.375
5,14,16,1,12.125
5,14,17,1,28.625
5,14,18,1,11.375
5,14,19,1,6.75
5,14,20,1,4.0
5,14,21,1,2.5
5,14,22,1,1.375
5,14,23,1,0.875
5,18,0,1,0.0
5,18,1,1,0.0
5,18,2,1,0.0
5,18,3,1,0.0
5,18,4,1,0.0
5,18,5,1,0.0
5,18,6,1,0.75
5,18,7,1,1.875
5,18,8,1,3.0
5,18,9,1,2.875
5,18,10,1,3.0
5,18,11,1,3.0
5,18,12,1,3.375
5,18,13,1,3.25
5,18,14,1,3.8
5,18,15,1,3.5
5,18,16,1,3.9
5,18,17,1,3.25
5,18,18,1,3.75
5,18,19,1,3.0
5,18,20,1,2.25
5,18,21,1,1.375
5,18,22,1,0.625
5,18,23,1,0.0
5,20,0,1,0.0
5,20,1,1,0.0
5,20,2,1,0.0
5,20,3,1,0.0
5,20,4,1,0.0
5,20,5,1,0.875
5,20,6,1,6.125
5,20,7,1,16.75
5,20,8,1,36.125
5,20,9,1,26.125
5,20,10,1,8.125
5,20,11,1,7.375
5,20,12,1,7.625
5,20,13,1,7.625
5,20,14,1,6.75
5,20,15,1,8.25
5,20,16,1,12.75
5,20,17,1,20.375
5,20,18,1,8.5
5,20,19,1,5.625
5,20,20,1,3.875
5,20,21,1,2.125
5,20,22,1,1.375
5,20,23,1,0.5
5,21,0,1,0.0
5,21,1,1,0.0
5,21,2,1,0.0
5,21,3,1,0.0
5,21,4,1,0.0
5,21,5,1,0.5
5,21,6,1,2.875
5,21,7,1,10.875
5,21,8,1,32.25
5,21,9,1,27.875
5,21,10,1,9.25
5,21,11,1,7.125
5,21,12,1,7.1
5,21,13,1,6.75
5,21,14,1,6.875
5,21,15,1,8.9
5,21,16,1,13.5
5,21,17,1,13.875
5,21,18,1,8.25
5,21,19,1,5.625
5,21,20,1,3.75
5,21,21,1,2.375
5,21,22,1,1.5
5,21,23,1,0.25
5,24,0,1,0.0
5,24,1,1,0.0
5,24,2,1,0.0
5,24,3,1,0.0
5,24,4,1,0.0
5,24,5,1,0.125
5,24,6,1,1.25
5,24,7,1,4.0
5,24,8,1,7.125
5,24,9,1,7.25
5,24,10,1,5.5
5,24,11,1,6.0
5,24,12,1,5.5
5,24,13,1,6.5
5,24,14,1,6.25
5,24,15,1,6.625
5,24,16,1,7.875
5,24,17,1,7.875
5,24,18,1,10.125
5,24,19,1,5.875
5,24,20,1,3.625
5,24,21,1,2.375
5,24,22,1,1.25
5,24,23,1,0.5
5,25,0,1,0.125
5,25,1,1,0.0
5,25,2,1,0.0
5,25,3,1,0.0
5,25,4,1,0.0
5,25,5,1,0.0
5,25,6,1,0.0
5,25,7,1,0.25
5,25,8,1,0.625
5,25,9,1,1.125
5,25,10,1,1.625
5,25,11,1,2.75
5,25,12,1,3.625
5,25,13,1,3.75
5,25,14,1,3.375
5,25,15,1,3.375
5,25,16,1,2.75
5,25,17,1,2.5
5,25,18,1,2.875
5,25,19,1,2.75
5,25,20,1,2.125
5,25,21,1,1.25
5,25,22,1,0.625
5,25,23,1,0.25
5,27,0,1,1.0
5,27,1,1,0.125
5,27,2,1,0.0
5,27,3,1,0.0
5,27,4,1,0.0
5,27,5,1,0.0
5,27,6,1,0.0
5,27,7,1,0.0
5,27,8,1,5.0
5,27,9,1,15.625
5,27,10,1,3.125
5,27,11,1,0.375
5,27,12,1,3.625
5,27,13,1,4.875
5,27,14,1,4.75
5,27,15,1,5.75
5,27,16,1,5.375
5,27,17,1,5.125
5,27,18,1,5.625
5,27,19,1,5.375
5,27,20,1,3.875
5,27,21,1,3.25
5,27,22,1,1.625
5,27,23,1,0.625
5,28,0,1,1.0
5,28,1,1,0.125
5,28,2,1,0.0
5,28,3,1,0.0
5,28,4,1,0.0
5,28,5,1,0.0
5,28,6,1,0.0
5,28,7,1,0.25
5,28,8,1,9.25
5,28,9,1,7.5
5,28,10,1,0.0
5,28,11,1,0.625
5,28,12,1,3.125
5,28,13,1,4.625
5,28,14,1,5.25
5,28,15,1,4.75
5,28,16,1,4.75
5,28,17,1,5.125
5,28,18,1,4.5
5,28,19,1,4.25
5,28,20,1,3.0
5,28,21,1,2.125
5,28,22,1,0.875
5,28,23,1,0.5
5,31,0,1,0.875
5,31,1,1,0.125
5,31,2,1,0.0
5,31,3,1,0.0
5,31,4,1,0.0
5,31,5,1,0.0
5,31,6,1,0.0
5,31,7,1,0.0
5,31,8,1,5.125
5,31,9,1,12.875
5,31,10,1,1.25
5,31,11,1,0.5
5,31,12,1,2.375
5,31,13,1,4.375
5,31,14,1,4.75
5,31,15,1,5.75
5,31,16,1,6.375
5,31,17,1,6.375
5,31,18,1,6.625
5,31,19,1,5.25
5,31,20,1,4.375
5,31,21,1,2.75
5,31,22,1,4.75
5,31,23,1,2.5
6,1,0,1,0.0
6,1,1,1,0.0
6,1,2,1,0.0
6,1,3,1,0.0
6,1,4,1,0.0
6,1,5,1,0.16666666666666666
6,1,6,1,1.125
6,1,7,1,2.375
6,1,8,1,3.375
6,1,9,1,3.25
6,1,10,1,3.25
6,1,11,1,3.25
6,1,12,1,3.75
6,1,13,1,3.625
6,1,14,1,3.75
6,1,15,1,3.375
6,1,16,1,3.875
6,1,17,1,4.125
6,1,18,1,4.125
6,1,19,1,2.25
6,1,20,1,2.25
6,1,21,1,1.625
6,1,22,1,0.625
6,1,23,1,0.125
6,7,0,1,0.25
6,7,1,1,0.125
6,7,2,1,0.0
6,7,3,1,0.0
6,7,4,1,0.0
6,7,5,1,0.125
6,7,6,1,1.625
6,7,7,1,4.0
6,7,8,1,7.5
6,7,9,1,11.5
6,7,10,1,5.625
6,7,11,1,5.625
6,7,12,1,6.5
6,7,13,1,6.25
6,7,14,1,5.75
6,7,15,1,6.75
6,7,16,1,8.125
6,7,17,1,11.375
6,7,18,1,9.625
6,7,19,1,6.375
6,7,20,1,3.625
6,7,21,1,2.625
6,7,22,1,1.375
6,7,23,1,0.875
6,8,0,1,0.0
6,8,1,1,0.0
6,8,2,1,0.0
6,8,3,1,0.0
6,8,4,1,0.0
6,8,5,1,0.0
6,8,6,1,0.875
6,8,7,1,2.25
6,8,8,1,3.625
6,8,9,1,4.0
6,8,10,1,3.125
6,8,11,1,3.375
6,8,12,1,3.625
6,8,13,1,4.375
6,8,14,1,4.25
6,8,15,1,4.125
6,8,16,1,4.125
6,8,17,1,4.375
6,8,18,1,4.0
6,8,19,1,3.25
6,8,20,1,2.5
6,8,21,1,2.125
6,8,22,1,1.0
6,8,23,1,0.25
6,11,0,1,0.0
6,11,1,1,0.0
6,11,2,1,0.0
6,11,3,1,0.0
6,11,4,1,0.0
6,11,5,1,0.875
6,11,6,1,3.875
6,11,7,1,8.375
6,11,8,1,16.625
6,11,9,1,25.5
6,11,10,1,7.5
6,11,11,1,7.375
6,11,12,1,7.875
6,11,13,1,7.5
6,11,14,1,6.375
6,11,15,1,6.25
6,11,16,1,8.0
6,11,17,1,8.375
6,11,18,1,14.0
6,11,19,1,6.375
6,11,20,1,3.75
6,11,21,1,2.625
6,11,22,1,1.5
6,11,23,1,0.25
6,15,0,1,0.0
6,15,1,1,0.0
6,15,2,1,0.0
6,15,3,1,0.0
6,15,4,1,0.0
6,15,5,1,0.125
6,15,6,1,0.875
6,15,7,1,2.375
6,15,8,1,4.0
6,15,9,1,4.125
6,15,10,1,3.5
6,15,11,1,3.75
6,15,12,1,4.375
6,15,13,1,4.25
6,15,14,1,4.375
6,15,15,1,4.625
6,15,16,1,4.875
6,15,17,1,4.625
6,15,18,1,4.625
6,15,19,1,4.625
6,15,20,1,2.375
6,15,21,1,1.5
6,15,22,1,1.0
6,15,23,1,0.125
6,17,0,1,0.0
6,17,1,1,0.75
6,17,2,1,0.0
6,17,3,1,0.0
6,17,4,1,0.0
6,17,5,1,0.5
6,17,6,1,2.875
6,17,7,1,9.625
6,17,8,1,29.25
6,17,9,1,29.625
6,17,10,1,12.875
6,17,11,1,6.375
6,17,12,1,6.75
6,17,13,1,7.5
6,17,14,1,6.875
6,17,15,1,7.625
6,17,16,1,7.5
6,17,17,1,9.625
6,17,18,1,13.75
6,17,19,1,5.75
6,17,20,1,4.625
6,17,21,1,3.625
6,17,22,1,2.25
6,17,23,1,1.0
6,21,0,1,0.125
6,21,1,1,0.0
6,21,2,1,0.0
6,21,3,1,0.0
6,21,4,1,0.0
6,21,5,1,0.125
6,21,6,1,1.625
6,21,7,1,4.0
6,21,8,1,7.25
6,21,9,1,8.25
6,21,10,1,5.625
6,21,11,1,6.0
6,21,12,1,6.75
6,21,13,1,7.25
6,21,14,1,7.0
6,21,15,1,7.625
6,21,16,1,10.0
6,21,17,1,18.75
6,21,18,1,10.375
6,21,19,1,6.75
6,21,20,1,4.625
6,21,21,1,2.875
6,21,22,1,1.75
6,21,23,1,0.625
6,22,0,1,0.0
6,22,1,1,0.0
6,22,2,1,0.0
6,22,3,1,0.0
6,22,4,1,0.0
6,22,5,1,0.125
6,22,6,1,1.25
6,22,7,1,2.375
6,22,8,1,3.75
6,22,9,1,4.125
6,22,10,1,3.125
6,22,11,1,3.125
6,22,12,1,3.625
6,22,13,1,3.875
6,22,14,1,4.0
6,22,15,1,4.375
6,22,16,1,4.25
6,22,17,1,4.375
6,22,18,1,4.375
6,22,19,1,3.25
6,22,20,1,2.5
6,22,21,1,1.5
6,22,22,1,0.5
6,22,23,1,0.0
6,24,0,1,0.375
6,24,1,1,0.125
6,24,2,1,0.0
6,24,3,1,0.0
6,24,4,1,0.0
6,24,5,1,0.5
6,24,6,1,3.25
6,24,7,1,11.0
6,24,8,1,28.625
6,24,9,1,28.25
6,24,10,1,9.375
6,24,11,1,9.0
6,24,12,1,8.125
6,24,13,1,9.5
6,24,14,1,8.25
6,24,15,1,8.375
6,24,16,1,7.625
6,24,17,1,7.875
6,24,18,1,10.75
6,24,19,1,5.0
6,24,20,1,3.625
6,24,21,1,2.625
6,24,22,1,1.875
6,24,23,1,1.125
6,25,0,1,0.0
6,25,1,1,0.0
6,25,2,1,0.0
6,25,3,1,0.0
6,25,4,1,0.0
6,25,5,1,0.375
6,25,6,1,2.5
6,25,7,1,8.875
6,25,8,1,17.625
6,25,9,1,22.625
6,25,10,1,8.75
6,25,11,1,7.125
6,25,12,1,7.625
6,25,13,1,8.125
6,25,14,1,7.0
6,25,15,1,7.25
6,25,16,1,10.0
6,25,17,1,13.25
6,25,18,1,27.5
6,25,19,1,6.625
6,25,20,1,4.625
6,25,21,1,2.875
6,25,22,1,1.75
6,25,23,1,0.5
6,28,0,1,0.0
6,28,1,1,0.0
6,28,2,1,0.0
6,28,3,1,0.0
6,28,4,1,0.0
6,28,5,1,0.125
6,28,6,1,1.625
6,28,7,1,4.25
6,28,8,1,8.25
6,28,9,1,8.625
6,28,10,1,5.625
6,28,11,1,5.375
6,28,12,1,7.0
6,28,13,1,9.375
6,28,14,1,7.875
6,28,15,1,7.125
6,28,16,1,10.0
6,28,17,1,12.5
6,28,18,1,16.5
6,28,19,1,7.0
6,28,20,1,3.625
6,28,21,1,2.5
6,28,22,1,1.375
6,28,23,1,0.5
6,29,0,1,0.0
6,29,1,1,0.0
6,29,2,1,0.0
6,29,3,1,0.0
6,29,4,1,0.0
6,29,5,1,0.0
6,29,6,1,0.8333333333333334
6,29,7,1,2.125
6,29,8,1,3.125
6,29,9,1,3.875
6,29,10,1,4.0
6,29,11,1,2.75
6,29,12,1,3.625
6,29,13,1,3.625
6,29,14,1,4.125
6,29,15,1,3.875
6,29,16,1,4.375
6,29,17,1,4.125
6,29,18,1,4.375
6,29,19,1,3.5
6,29,20,1,2.125
6,29,21,1,2.0
6,29,22,1,0.75
6,29,23,1,0.25
7,1,0,1,0.0
7,1,1,1,0.0
7,1,2,1,0.0
7,1,3,1,0.0
7,1,4,1,0.0
7,1,5,1,0.25
7,1,6,1,1.875
7,1,7,1,7.875
7,1,8,1,27.25
7,1,9,1,27.125
7,1,10,1,10.625
7,1,11,1,7.375
7,1,12,1,9.875
7,1,13,1,7.0
7,1,14,1,7.5
7,1,15,1,7.625
7,1,16,1,7.75
7,1,17,1,7.75
7,1,18,1,11.25
7,1,19,1,6.625
7,1,20,1,4.5
7,1,21,1,3.375
7,1,22,1,2.375
7,1,23,1,1.0
7,2,0,1,0.0
7,2,1,1,0.0
7,2,2,1,0.0
7,2,3,1,0.0
7,2,4,1,0.0
7,2,5,1,0.25
7,2,6,1,2.5
7,2,7,1,8.625
7,2,8,1,34.25
7,2,9,1,23.375
7,2,10,1,7.5
7,2,11,1,6.375
7,2,12,1,12.875
7,2,13,1,7.125
7,2,14,1,6.875
7,2,15,1,6.75
7,2,16,1,7.25
7,2,17,1,8.125
7,2,18,1,8.5
7,2,19,1,6.625
7,2,20,1,4.125
7,2,21,1,3.0
7,2,22,1,1.75
7,2,23,1,0.75
7,5,0,1,0.875
7,5,1,1,0.25
7,5,2,1,0.125
7,5,3,1,0.0
7,5,4,1,0.0
7,5,5,1,0.0
7,5,6,1,0.25
7,5,7,1,1.0
7,5,8,1,2.25
7,5,9,1,3.25
7,5,10,1,4.375
7,5,11,1,5.375
7,5,12,1,15.625
7,5,13,1,6.625
7,5,14,1,5.75
7,5,15,1,5.75
7,5,16,1,5.625
7,5,17,1,5.125
7,5,18,1,5.125
7,5,19,1,4.5
7,5,20,1,2.875
7,5,21,1,2.0
7,5,22,1,1.375
7,5,23,1,0.5
7,6,0,1,0.0
7,6,1,1,0.0
7,6,2,1,0.0
7,6,3,1,0.0
7,6,4,1,0.0
7,6,5,1,0.125
7,6,6,1,0.75
7,6,7,1,2.25
7,6,8,1,2.75
7,6,9,1,3.4
7,6,10,1,3.125
7,6,11,1,3.0
7,6,12,1,3.625
7,6,13,1,3.875
7,6,14,1,4.25
7,6,15,1,3.5
7,6,16,1,3.5
7,6,17,1,6.25
7,6,18,1,3.875
7,6,19,1,2.75
7,6,20,1,2.125
7,6,21,1,1.375
7,6,22,1,0.75
7,6,23,1,0.125
7,8,0,1,0.125
7,8,1,1,0.0
7,8,2,1,0.0
7,8,3,1,0.0
7,8,4,1,0.0
7,8,5,1,0.625
7,8,6,1,3.0
7,8,7,1,12.0
7,8,8,1,27.375
7,8,9,1,21.75
7,8,10,1,9.5
7,8,11,1,6.5
7,8,12,1,7.125
7,8,13,1,7.375
7,8,14,1,7.0
7,8,15,1,8.0
7,8,16,1,7.625
7,8,17,1,16.375
7,8,18,1,28.0
7,8,19,1,14.375
7,8,20,1,4.375
7,8,21,1,2.125
7,8,22,1,1.125
7,8,23,1,0.625
7,9,0,1,0.0
7,9,1,1,0.0
7,9,2,1,0.0
7,9,3,1,0.0
7,9,4,1,0.0
7,9,5,1,0.5
7,9,6,1,2.625
7,9,7,1,12.75
7,9,8,1,17.0
7,9,9,1,15.875
7,9,10,1,9.125
7,9,11,1,6.75
7,9,12,1,6.75
7,9,13,1,6.375
7,9,14,1,6.0
7,9,15,1,6.25
7,9,16,1,4.25
7,9,17,1,0.0
7,9,18,1,0.0
7,9,19,1,0.0
7,9,20,1,1.25
7,9,21,1,2.0
7,9,22,1,1.25
7,9,23,1,0.375
7,12,0,1,0.0
7,12,1,1,0.0
7,12,2,1,0.0
7,12,3,1,0.0
7,12,4,1,0.0
7,12,5,1,0.125
7,12,6,1,1.375
7,12,7,1,4.25
7,12,8,1,7.875
7,12,9,1,8.5
7,12,10,1,5.625
7,12,11,1,5.5
7,12,12,1,6.5
7,12,13,1,6.4
7,12,14,1,6.375
7,12,15,1,6.625
7,12,16,1,7.625
7,12,17,1,10.875
7,12,18,1,12.125
7,12,19,1,6.25
7,12,20,1,4.125
7,12,21,1,2.75
7,12,22,1,1.5
7,12,23,1,0.5
7,13,0,1,0.0
7,13,1,1,0.0
7,13,2,1,0.0
7,13,3,1,0.0
7,13,4,1,0.0
7,13,5,1,0.0
7,13,6,1,0.75
7,13,7,1,2.5
7,13,8,1,3.5
7,13,9,1,3.625
7,13,10,1,3.25
7,13,11,1,3.0
7,13,12,1,3.125
7,13,13,1,3.75
7,13,14,1,4.25
7,13,15,1,3.625
7,13,16,1,4.25
7,13,17,1,4.125
7,13,18,1,3.75
7,13,19,1,3.0
7,13,20,1,2.125
7,13,21,1,1.625
7,13,22,1,0.75
7,13,23,1,0.0
7,15,0,1,0.375
7,15,1,1,0.0
7,15,2,1,0.0
7,15,3,1,0.0
7,15,4,1,0.0
7,15,5,1,0.25
7,15,6,1,2.25
7,15,7,1,8.25
7,15,8,1,23.375
7,15,9,1,31.75
7,15,10,1,13.0
7,15,11,1,7.25
7,15,12,1,7.75
7,15,13,1,7.875
7,15,14,1,8.375
7,15,15,1,12.0
7,15,16,1,6.5
7,15,17,1,8.0
7,15,18,1,17.25
7,15,19,1,6.875
7,15,20,1,4.0
7,15,21,1,3.0
7,15,22,1,2.0
7,15,23,1,0.875
7,16,0,1,0.125
7,16,1,1,0.0
7,16,2,1,0.0
7,16,3,1,0.0
7,16,4,1,0.0
7,16,5,1,0.125
7,16,6,1,2.8
7,16,7,1,9.125
7,16,8,1,15.0
7,16,9,1,24.875
7,16,10,1,9.125
7,16,11,1,7.375
7,16,12,1,6.875
7,16,13,1,7.125
7,16,14,1,6.375
7,16,15,1,6.625
7,16,16,1,8.0
7,16,17,1,8.5
7,16,18,1,12.0
7,16,19,1,6.5
7,16,20,1,3.75
7,16,21,1,2.625
7,16,22,1,1.5
7,16,23,1,0.375
7,19,0,1,0.125
7,19,1,1,0.0
7,19,2,1,0.0
7,19,3,1,0.0
7,19,4,1,0.0
7,19,5,1,0.25
7,19,6,1,1.25
7,19,7,1,4.125
7,19,8,1,7.875
7,19,9,1,8.25
7,19,10,1,6.125
7,19,11,1,5.75
7,19,12,1,5.625
7,19,13,1,6.0
7,19,14,1,5.25
7,19,15,1,5.875
7,19,16,1,14.0
7,19,17,1,15.25
7,19,18,1,13.25
7,19,19,1,6.25
7,19,20,1,3.25
7,19,21,1,1.875
7,19,22,1,1.25
7,19,23,1,0.75
7,20,0,1,0.0
7,20,1,1,0.0
7,20,2,1,0.0
7,20,3,1,0.0
7,20,4,1,0.0
7,20,5,1,0.125
7,20,6,1,0.625
7,20,7,1,2.25
7,20,8,1,3.5
7,20,9,1,3.375
7,20,10,1,3.0
7,20,11,1,3.25
7,20,12,1,3.625
7,20,13,1,4.125
7,20,14,1,3.875
7,20,15,1,4.0
7,20,16,1,4.0
7,20,17,1,4.875
7,20,18,1,4.25
7,20,19,1,3.5
7,20,20,1,2.25
7,20,21,1,1.875
7,20,22,1,1.0
7,20,23,1,0.16666666666666666
7,22,0,1,0.0
7,22,1,1,0.0
7,22,2,1,0.0
7,22,3,1,0.0
7,22,4,1,0.0
7,22,5,1,0.625
7,22,6,1,2.875
7,22,7,1,9.875
7,22,8,1,23.375
7,22,9,1,30.125
7,22,10,1,10.375
7,22,11,1,7.5
7,22,12,1,8.125
7,22,13,1,8.25
7,22,14,1,6.875
7,22,15,1,8.125
7,22,16,1,7.875
7,22,17,1,7.625
7,22,18,1,24.125
7,22,19,1,6.0
7,22,20,1,4.25
7,22,21,1,2.75
7,22,22,1,1.375
7,22,23,1,0.75
7,23,0,1,0.125
7,23,1,1,0.0
7,23,2,1,0.0
7,23,3,1,0.0
7,23,4,1,0.0
7,23,5,1,0.25
7,23,6,1,2.625
7,23,7,1,8.875
7,23,8,1,13.75
7,23,9,1,29.0
7,23,10,1,8.75
7,23,11,1,6.75
7,23,12,1,7.125
7,23,13,1,7.5
7,23,14,1,6.25
7,23,15,1,6.75
7,23,16,1,8.5
7,23,17,1,8.25
7,23,18,1,9.375
7,23,19,1,7.0
7,23,20,1,3.875
7,23,21,1,2.75
7,23,22,1,1.75
7,23,23,1,0.625
7,26,0,1,0.0
7,26,1,1,0.0
7,26,2,1,0.0
7,26,3,1,0.0
7,26,4,1,0.0
7,26,5,1,0.125
7,26,6,1,1.5
7,26,7,1,4.25
7,26,8,1,8.625
7,26,9,1,8.25
7,26,10,1,5.25
7,26,11,1,6.0
7,26,12,1,8.25
7,26,13,1,6.5
7,26,14,1,6.25
7,26,15,1,7.3
7,26,16,1,8.75
7,26,17,1,9.0
7,26,18,1,7.25
7,26,19,1,6.25
7,26,20,1,4.25
7,26,21,1,3.125
7,26,22,1,1.25
7,26,23,1,0.5
7,27,0,1,0.0
7,27,1,1,0.0
7,27,2,1,0.0
7,27,3,1,0.0
7,27,4,1,0.0
7,27,5,1,0.125
7,27,6,1,1.125
7,27,7,1,2.125
7,27,8,1,3.5
7,27,9,1,3.75
7,27,10,1,3.5
7,27,11,1,3.0
7,27,12,1,3.5
7,27,13,1,3.5
7,27,14,1,3.75
7,27,15,1,4.125
7,27,16,1,4.875
7,27,17,1,5.0
7,27,18,1,4.5
7,27,19,1,3.5
7,27,20,1,2.75
7,27,21,1,1.875
7,27,22,1,0.875
7,27,23,1,0.25
7,30,0,1,0.125
7,30,1,1,0.0
7,30,2,1,0.0
7,30,3,1,0.0
7,30,4,1,0.0
7,30,5,1,0.125
7,30,6,1,2.0
7,30,7,1,7.5
7,30,8,1,18.5
7,30,9,1,29.625
7,30,10,1,11.125
7,30,11,1,6.625
7,30,12,1,10.125
7,30,13,1,7.25
7,30,14,1,6.4
7,30,15,1,6.625
7,30,16,1,8.0
7,30,17,1,17.5
7,30,18,1,15.875
7,30,19,1,7.25
7,30,20,1,4.0
7,30,21,1,2.875
7,30,22,1,1.5
7,30,23,1,0.75
8,2,0,1,0.25
8,2,1,1,0.0
8,2,2,1,0.0
8,2,3,1,0.0
8,2,4,1,0.0
8,2,5,1,0.125
8,2,6,1,1.625
8,2,7,1,3.25
8,2,8,1,7.875
8,2,9,1,7.875
8,2,10,1,5.0
8,2,11,1,4.875
8,2,12,1,6.5
8,2,13,1,5.75
8,2,14,1,5.25
8,2,15,1,6.25
8,2,16,1,9.625
8,2,17,1,8.5
8,2,18,1,11.875
8,2,19,1,6.0
8,2,20,1,2.75
8,2,21,1,1.875
8,2,22,1,1.125
8,2,23,1,0.375
8,3,0,1,0.0
8,3,1,1,0.0
8,3,2,1,0.0
8,3,3,1,0.0
8,3,4,1,0.0
8,3,5,1,0.125
8,3,6,1,0.875
8,3,7,1,2.5
8,3,8,1,3.625
8,3,9,1,3.875
8,3,10,1,3.375
8,3,11,1,3.375
8,3,12,1,3.75
8,3,13,1,4.375
8,3,14,1,4.5
8,3,15,1,4.625
8,3,16,1,5.125
8,3,17,1,6.75
8,3,18,1,5.875
8,3,19,1,3.375
8,3,20,1,1.875
8,3,21,1,1.5
8,3,22,1,1.0
8,3,23,1,0.0
8,5,0,1,0.0
8,5,1,1,0.0
8,5,2,1,0.0
8,5,3,1,0.0
8,5,4,1,0.0
8,5,5,1,0.5
8,5,6,1,3.25
8,5,7,1,11.5
8,5,8,1,23.0
8,5,9,1,26.75
8,5,10,1,8.75
8,5,11,1,7.0
8,5,12,1,7.75
8,5,13,1,7.75
8,5,14,1,6.5
8,5,15,1,7.5
8,5,16,1,7.625
8,5,17,1,9.125
8,5,18,1,9.125
8,5,19,1,6.5
8,5,20,1,4.125
8,5,21,1,2.75
8,5,22,1,1.375
8,5,23,1,0.625
8,6,0,1,0.125
8,6,1,1,0.0
8,6,2,1,0.0
8,6,3,1,0.0
8,6,4,1,0.0
8,6,5,1,0.0
8,6,6,1,2.5
8,6,7,1,7.5
8,6,8,1,16.25
8,6,9,1,31.0
8,6,10,1,11.75
8,6,11,1,6.625
8,6,12,1,7.0
8,6,13,1,7.125
8,6,14,1,6.5
8,6,15,1,6.25
8,6,16,1,7.5
8,6,17,1,8.375
8,6,18,1,10.375
8,6,19,1,7.125
8,6,20,1,4.375
8,6,21,1,2.75
8,6,22,1,1.625
8,6,23,1,0.625
8,10,0,1,0.0
8,10,1,1,0.0
8,10,2,1,0.0
8,10,3,1,0.0
8,10,4,1,0.0
8,10,5,1,0.0
8,10,6,1,1.125
8,10,7,1,2.125
8,10,8,1,3.875
8,10,9,1,3.875
8,10,10,1,3.625
8,10,11,1,3.375
8,10,12,1,4.625
8,10,13,1,4.375
8,10,14,1,4.625
8,10,15,1,4.875
8,10,16,1,4.75
8,10,17,1,4.875
8,10,18,1,4.25
8,10,19,1,3.5
8,10,20,1,2.75
8,10,21,1,1.875
8,10,22,1,0.75
8,10,23,1,0.375
8,12,0,1,0.125
8,12,1,1,0.0
8,12,2,1,0.0
8,12,3,1,0.0
8,12,4,1,0.0
8,12,5,1,0.625
8,12,6,1,3.25
8,12,7,1,15.5
8,12,8,1,33.375
8,12,9,1,35.75
8,12,10,1,12.5
8,12,11,1,7.1
8,12,12,1,7.5
8,12,13,1,7.5
8,12,14,1,6.875
8,12,15,1,7.625
8,12,16,1,8.25
8,12,17,1,18.75
8,12,18,1,18.625
8,12,19,1,5.25
8,12,20,1,4.375
8,12,21,1,3.0
8,12,22,1,1.5
8,12,23,1,0.5
8,16,0,1,0.0
8,16,1,1,0.0
8,16,2,1,0.0
8,16,3,1,0.0
8,16,4,1,0.0
8,16,5,1,0.125
8,16,6,1,1.375
8,16,7,1,4.25
8,16,8,1,7.25
8,16,9,1,7.0
8,16,10,1,5.375
8,16,11,1,5.125
8,16,12,1,6.5
8,16,13,1,6.5
8,16,14,1,6.375
8,16,15,1,6.5
8,16,16,1,7.375
8,16,17,1,8.0
8,16,18,1,8.75
8,16,19,1,6.25
8,16,20,1,4.25
8,16,21,1,2.5
8,16,22,1,1.25
8,16,23,1,0.375
8,19,0,1,0.0
8,19,1,1,0.0
8,19,2,1,0.0
8,19,3,1,0.0
8,19,4,1,0.0
8,19,5,1,0.25
8,19,6,1,2.625
8,19,7,1,14.25
8,19,8,1,32.75
8,19,9,1,34.0
8,19,10,1,15.5
8,19,11,1,7.125
8,19,12,1,8.125
8,19,13,1,7.125
8,19,14,1,6.875
8,19,15,1,6.75
8,19,16,1,8.0
8,19,17,1,9.5
8,19,18,1,10.375
8,19,19,1,7.5
8,19,20,1,4.375
8,19,21,1,3.0
8,19,22,1,2.125
8,19,23,1,0.875
8,21,0,1,0.125
8,21,1,1,0.0
8,21,2,1,0.0
8,21,3,1,0.0
8,21,4,1,0.0
8,21,5,1,0.125
8,21,6,1,1.875
8,21,7,1,8.125
8,21,8,1,16.75
8,21,9,1,28.875
8,21,10,1,5.75
8,21,11,1,4.75
8,21,12,1,5.125
8,21,13,1,5.0
8,21,14,1,4.625
8,21,15,1,4.375
8,21,16,1,5.0
8,21,17,1,18.0
8,21,18,1,6.625
8,21,19,1,4.5
8,21,20,1,2.75
8,21,21,1,2.0
8,21,22,1,1.125
8,21,23,1,0.5
8,23,0,1,0.125
8,23,1,1,0.0
8,23,2,1,0.0
8,23,3,1,0.0
8,23,4,1,0.0
8,23,5,1,0.125
8,23,6,1,1.625
8,23,7,1,4.75
8,23,8,1,9.875
8,23,9,1,9.125
8,23,10,1,5.375
8,23,11,1,5.125
8,23,12,1,6.125
8,23,13,1,6.125
8,23,14,1,6.125
8,23,15,1,6.125
8,23,16,1,8.5
8,23,17,1,20.375
8,23,18,1,7.75
8,23,19,1,6.125
8,23,20,1,3.875
8,23,21,1,2.5
8,23,22,1,1.125
8,23,23,1,0.25
8,24,0,1,0.0
8,24,1,1,0.0
8,24,2,1,0.0
8,24,3,1,0.0
8,24,4,1,0.0
8,24,5,1,0.125
8,24,6,1,0.875
8,24,7,1,2.5
8,24,8,1,4.375
8,24,9,1,4.25
8,24,10,1,3.375
8,24,11,1,3.25
8,24,12,1,4.125
8,24,13,1,4.875
8,24,14,1,4.75
8,24,15,1,4.625
8,24,16,1,4.75
8,24,17,1,5.5
8,24,18,1,5.375
8,24,19,1,4.0
8,24,20,1,2.875
8,24,21,1,2.0
8,24,22,1,1.0
8,24,23,1,0.125
8,26,0,1,0.25
8,26,1,1,0.0
8,26,2,1,0.0
8,26,3,1,0.0
8,26,4,1,0.0
8,26,5,1,0.125
8,26,6,1,2.625
8,26,7,1,14.625
8,26,8,1,34.625
8,26,9,1,34.125
8,26,10,1,14.125
8,26,11,1,7.125
8,26,12,1,7.375
8,26,13,1,7.75
8,26,14,1,7.0
8,26,15,1,7.125
8,26,16,1,7.75
8,26,17,1,22.0
8,26,18,1,8.625
8,26,19,1,6.5
8,26,20,1,4.375
8,26,21,1,3.0
8,26,22,1,1.5
8,26,23,1,0.875
8,28,0,1,0.0
8,28,1,1,0.0
8,28,2,1,0.0
8,28,3,1,0.0
8,28,4,1,0.0
8,28,5,1,0.0
8,28,6,1,1.0
8,28,7,1,4.25
8,28,8,1,7.625
8,28,9,1,8.5
8,28,10,1,9.625
8,28,11,1,6.75
8,28,12,1,4.625
8,28,13,1,5.0
8,28,14,1,4.125
8,28,15,1,4.25
8,28,16,1,5.0
8,28,17,1,10.5
8,28,18,1,6.375
8,28,19,1,5.0
8,28,20,1,3.125
8,28,21,1,1.75
8,28,22,1,1.125
8,28,23,1,0.5
8,30,0,1,0.125
8,30,1,1,0.0
8,30,2,1,0.0
8,30,3,1,0.0
8,30,4,1,0.0
8,30,5,1,0.125
8,30,6,1,1.375
8,30,7,1,4.75
8,30,8,1,8.625
8,30,9,1,9.25
8,30,10,1,5.25
8,30,11,1,5.25
8,30,12,1,5.625
8,30,13,1,5.875
8,30,14,1,5.375
8,30,15,1,6.625
8,30,16,1,7.75
8,30,17,1,27.0
8,30,18,1,6.25
8,30,19,1,6.5
8,30,20,1,3.875
8,30,21,1,2.5
8,30,22,1,1.0
8,30,23,1,0.375
8,31,0,1,0.0
8,31,1,1,0.0
8,31,2,1,0.0
8,31,3,1,0.0
8,31,4,1,0.0
8,31,5,1,0.125
8,31,6,1,2.75
8,31,7,1,3.125
8,31,8,1,4.625
8,31,9,1,4.5
8,31,10,1,3.875
8,31,11,1,3.875
8,31,12,1,4.5
8,31,13,1,4.375
8,31,14,1,4.375
8,31,15,1,4.5
8,31,16,1,6.125
8,31,17,1,5.75
8,31,18,1,4.875
8,31,19,1,3.75
8,31,20,1,3.125
8,31,21,1,1.875
8,31,22,1,1.0
8,31,23,1,0.25
9,2,0,1,1.0
9,2,1,1,0.25
9,2,2,1,0.0
9,2,3,1,0.0
9,2,4,1,0.0
9,2,5,1,0.0
9,2,6,1,0.125
9,2,7,1,1.375
9,2,8,1,1.375
9,2,9,1,3.0
9,2,10,1,3.75
9,2,11,1,5.625
9,2,12,1,6.5
9,2,13,1,6.125
9,2,14,1,5.625
9,2,15,1,5.875
9,2,16,1,5.125
9,2,17,1,5.0
9,2,18,1,5.125
9,2,19,1,4.375
9,2,20,1,3.75
9,2,21,1,2.5
9,2,22,1,1.25
9,2,23,1,0.5
9,4,0,1,0.625
9,4,1,1,0.25
9,4,2,1,0.0
9,4,3,1,0.0
9,4,4,1,0.0
9,4,5,1,0.0
9,4,6,1,0.125
9,4,7,1,0.75
9,4,8,1,1.5
9,4,9,1,2.25
9,4,10,1,3.25
9,4,11,1,4.375
9,4,12,1,5.0
9,4,13,1,4.5
9,4,14,1,4.875
9,4,15,1,4.375
9,4,16,1,4.25
9,4,17,1,4.125
9,4,18,1,3.875
9,4,19,1,4.5
9,4,20,1,2.875
9,4,21,1,1.625
9,4,22,1,0.875
9,4,23,1,0.625
9,6,0,1,0.75
9,6,1,1,0.125
9,6,2,1,0.0
9,6,3,1,0.0
9,6,4,1,0.0
9,6,5,1,0.0
9,6,6,1,0.125
9,6,7,1,1.0
9,6,8,1,2.125
9,6,9,1,2.875
9,6,10,1,4.375
9,6,11,1,5.5
9,6,12,1,6.5
9,6,13,1,6.625
9,6,14,1,6.75
9,6,15,1,5.875
9,6,16,1,6.25
9,6,17,1,5.375
9,6,18,1,4.75
9,6,19,1,4.625
9,6,20,1,3.25
9,6,21,1,1.875
9,6,22,1,0.875
9,6,23,1,0.5
9,7,0,1,0.375
9,7,1,1,0.0
9,7,2,1,0.0
9,7,3,1,0.0
9,7,4,1,0.0
9,7,5,1,0.0
9,7,6,1,0.125
9,7,7,1,0.375
9,7,8,1,1.25
9,7,9,1,2.0
9,7,10,1,3.0
9,7,11,1,4.25
9,7,12,1,5.375
9,7,13,1,5.75
9,7,14,1,5.75
9,7,15,1,5.125
9,7,16,1,4.625
9,7,17,1,5.125
9,7,18,1,4.5
9,7,19,1,4.25
9,7,20,1,3.375
9,7,21,1,2.125
9,7,22,1,1.125
9,7,23,1,0.125
9,9,0,1,0.0
9,9,1,1,0.0
9,9,2,1,0.0
9,9,3,1,0.0
9,9,4,1,0.0
9,9,5,1,0.25
9,9,6,1,2.25
9,9,7,1,11.9
9,9,8,1,27.0
9,9,9,1,31.125
9,9,10,1,11.125
9,9,11,1,7.125
9,9,12,1,7.0
9,9,13,1,7.125
9,9,14,1,6.75
9,9,15,1,7.75
9,9,16,1,8.375
9,9,17,1,25.125
9,9,18,1,9.0
9,9,19,1,9.875
9,9,20,1,5.25
9,9,21,1,3.0
9,9,22,1,1.625
9,9,23,1,1.0
9,10,0,1,0.0
9,10,1,1,0.0
9,10,2,1,0.0
9,10,3,1,0.0
9,10,4,1,0.0
9,10,5,1,0.5
9,10,6,1,3.25
9,10,7,1,10.0
9,10,8,1,27.5
9,10,9,1,29.875
9,10,10,1,9.0
9,10,11,1,16.5
9,10,12,1,17.375
9,10,13,1,27.75
9,10,14,1,8.5
9,10,15,1,15.0
9,10,16,1,9.0
9,10,17,1,19.125
9,10,18,1,20.25
9,10,19,1,6.0
9,10,20,1,3.75
9,10,21,1,2.25
9,10,22,1,1.0
9,10,23,1,0.25
9,11,0,1,0.125
9,11,1,1,0.0
9,11,2,1,0.0
9,11,3,1,0.0
9,11,4,1,0.0
9,11,5,1,0.0
9,11,6,1,1.625
9,11,7,1,6.5
9,11,8,1,11.375
9,11,9,1,22.875
9,11,10,1,8.875
9,11,11,1,5.25
9,11,12,1,5.375
9,11,13,1,5.125
9,11,14,1,4.875
9,11,15,1,5.0
9,11,16,1,5.25
9,11,17,1,8.5
9,11,18,1,6.0
9,11,19,1,5.125
9,11,20,1,3.125
9,11,21,1,1.875
9,11,22,1,1.0
9,11,23,1,0.375
9,14,0,1,0.0
9,14,1,1,0.0
9,14,2,1,0.0
9,14,3,1,0.0
9,14,4,1,0.0
9,14,5,1,0.125
9,14,6,1,1.125
9,14,7,1,3.0
9,14,8,1,4.5
9,14,9,1,4.25
9,14,10,1,3.625
9,14,11,1,3.625
9,14,12,1,4.75
9,14,13,1,4.625
9,14,14,1,4.375
9,14,15,1,4.625
9,14,16,1,5.375
9,14,17,1,6.0
9,14,18,1,5.5
9,14,19,1,4.125
9,14,20,1,2.75
9,14,21,1,1.625
9,14,22,1,1.0
9,14,23,1,0.375
9,16,0,1,0.0
9,16,1,1,0.0
9,16,2,1,0.0
9,16,3,1,0.0
9,16,4,1,0.0
9,16,5,1,0.25
9,16,6,1,2.625
9,16,7,1,9.375
9,16,8,1,19.375
9,16,9,1,34.375
9,16,10,1,16.25
9,16,11,1,7.625
9,16,12,1,7.75
9,16,13,1,7.125
9,16,14,1,6.875
9,16,15,1,7.125
9,16,16,1,8.75
9,16,17,1,21.75
9,16,18,1,18.875
9,16,19,1,11.625
9,16,20,1,5.125
9,16,21,1,2.75
9,16,22,1,1.375
9,16,23,1,0.875
9,17,0,1,0.0
9,17,1,1,0.0
9,17,2,1,0.0
9,17,3,1,0.0
9,17,4,1,0.0
9,17,5,1,0.625
9,17,6,1,3.0
9,17,7,1,9.875
9,17,8,1,25.625
9,17,9,1,33.125
9,17,10,1,16.875
9,17,11,1,21.0
9,17,12,1,29.5
9,17,13,1,31.25
9,17,14,1,29.625
9,17,15,1,28.625
9,17,16,1,8.125
9,17,17,1,29.625
9,17,18,1,11.25
9,17,19,1,7.0
9,17,20,1,4.5
9,17,21,1,2.0
9,17,22,1,1.375
9,17,23,1,0.375
9,23,0,1,0.125
9,23,1,1,0.0
9,23,2,1,0.0
9,23,3,1,0.0
9,23,4,1,0.0
9,23,5,1,0.25
9,23,6,1,2.625
9,23,7,1,11.125
9,23,8,1,28.5
9,23,9,1,30.375
9,23,10,1,11.125
9,23,11,1,7.25
9,23,12,1,7.25
9,23,13,1,7.375
9,23,14,1,7.25
9,23,15,1,7.5
9,23,16,1,8.875
9,23,17,1,21.0
9,23,18,1,17.375
9,23,19,1,7.25
9,23,20,1,5.25
9,23,21,1,3.125
9,23,22,1,1.5
9,23,23,1,0.625
9,24,0,1,0.0
9,24,1,1,0.0
9,24,2,1,0.0
9,24,3,1,0.0
9,24,4,1,0.0
9,24,5,1,0.625
9,24,6,1,3.125
9,24,7,1,11.0
9,24,8,1,19.375
9,24,9,1,23.875
9,24,10,1,8.625
9,24,11,1,7.375
9,24,12,1,6.625
9,24,13,1,7.0
9,24,14,1,6.375
9,24,15,1,6.8
9,24,16,1,9.333333333333334
9,24,17,1,17.5
9,24,18,1,9.625
9,24,19,1,6.75
9,24,20,1,4.0
9,24,21,1,2.375
9,24,22,1,1.75
9,24,23,1,0.75
9,25,0,1,0.0
9,25,1,1,0.0
9,25,2,1,0.0
9,25,3,1,0.0
9,25,4,1,0.0
9,25,5,1,0.125
9,25,6,1,1.875
9,25,7,1,7.0
9,25,8,1,11.125
9,25,9,1,10.8
9,25,10,1,7.75
9,25,11,1,6.625
9,25,12,1,6.375
9,25,13,1,7.0
9,25,14,1,6.375
9,25,15,1,6.125
9,25,16,1,7.25
9,25,17,1,12.25
9,25,18,1,13.5
9,25,19,1,7.625
9,25,20,1,4.0
9,25,21,1,2.0
9,25,22,1,1.25
9,25,23,1,0.625
9,30,0,1,0.0
9,30,1,1,0.0
9,30,2,1,0.0
9,30,3,1,0.0
9,30,4,1,0.0
9,30,5,1,0.125
9,30,6,1,2.75
9,30,7,1,9.875
9,30,8,1,31.875
9,30,9,1,27.625
9,30,10,1,24.25
9,30,11,1,6.625
9,30,12,1,6.625
9,30,13,1,7.5
9,30,14,1,5.875
9,30,15,1,7.0
9,30,16,1,7.25
9,30,17,1,24.375
9,30,18,1,10.375
9,30,19,1,8.5
9,30,20,1,4.625
9,30,21,1,2.75
9,30,22,1,1.5
9,30,23,1,0.75
10,1,0,1,0.0
10,1,1,1,0.0
10,1,2,1,0.0
10,1,3,1,0.0
10,1,4,1,0.0
10,1,5,1,0.5
10,1,6,1,3.125
10,1,7,1,10.75
10,1,8,1,21.0
10,1,9,1,16.0
10,1,10,1,12.875
10,1,11,1,6.5
10,1,12,1,6.5
10,1,13,1,7.0
10,1,14,1,6.5
10,1,15,1,7.625
10,1,16,1,8.625
10,1,17,1,34.0
10,1,18,1,9.375
10,1,19,1,8.125
10,1,20,1,5.625
10,1,21,1,2.75
10,1,22,1,1.5
10,1,23,1,0.75
10,2,0,1,0.125
10,2,1,1,0.0
10,2,2,1,0.0
10,2,3,1,0.0
10,2,4,1,0.0
10,2,5,1,0.375
10,2,6,1,2.75
10,2,7,1,9.625
10,2,8,1,13.75
10,2,9,1,18.375
10,2,10,1,7.375
10,2,11,1,6.375
10,2,12,1,7.375
10,2,13,1,7.0
10,2,14,1,6.0
10,2,15,1,6.125
10,2,16,1,7.625
10,2,17,1,15.125
10,2,18,1,9.625
10,2,19,1,8.75
10,2,20,1,3.75
10,2,21,1,2.0
10,2,22,1,0.875
10,2,23,1,0.375
10,8,0,1,1.25
10,8,1,1,0.125
10,8,2,1,0.0
10,8,3,1,0.0
10,8,4,1,0.0
10,8,5,1,0.625
10,8,6,1,2.875
10,8,7,1,10.125
10,8,8,1,14.7
10,8,9,1,13.5
10,8,10,1,8.75
10,8,11,1,8.375
10,8,12,1,11.166666666666666
10,8,13,1,11.25
10,8,14,1,11.625
10,8,15,1,7.875
10,8,16,1,8.5
10,8,17,1,7.875
10,8,18,1,9.375
10,8,19,1,9.875
10,8,20,1,4.5
10,8,21,1,2.25
10,8,22,1,1.25
10,8,23,1,0.75
10,9,0,1,2.75
10,9,1,1,0.125
10,9,2,1,0.0
10,9,3,1,0.0
10,9,4,1,0.0
10,9,5,1,0.0
10,9,6,1,1.75
10,9,7,1,7.125
10,9,8,1,10.75
10,9,9,1,11.875
10,9,10,1,8.625
10,9,11,1,6.75
10,9,12,1,8.125
10,9,13,1,7.75
10,9,14,1,7.875
10,9,15,1,7.75
10,9,16,1,8.0
10,9,17,1,7.625
10,9,18,1,8.75
10,9,19,1,6.875
10,9,20,1,4.75
10,9,21,1,1.875
10,9,22,1,0.75
10,9,23,1,0.375
10,15,0,1,2.375
10,15,1,1,0.25
10,15,2,1,0.625
10,15,3,1,0.0
10,15,4,1,0.0
10,15,5,1,0.625
10,15,6,1,3.0
10,15,7,1,9.375
10,15,8,1,16.75
10,15,9,1,13.75
10,15,10,1,9.875
10,15,11,1,6.75
10,15,12,1,7.375
10,15,13,1,7.25
10,15,14,1,6.375
10,15,15,1,8.875
10,15,16,1,7.625
10,15,17,1,25.125
10,15,18,1,12.625
10,15,19,1,6.875
10,15,20,1,2.75
10,15,21,1,1.875
10,15,22,1,1.125
10,15,23,1,0.5
10,16,0,1,1.125
10,16,1,1,0.25
10,16,2,1,0.0
10,16,3,1,0.0
10,16,4,1,0.0
10,16,5,1,0.0
10,16,6,1,1.875
10,16,7,1,7.75
10,16,8,1,13.0
10,16,9,1,30.0
10,16,10,1,16.875
10,16,11,1,7.25
10,16,12,1,7.875
10,16,13,1,7.625
10,16,14,1,7.125
10,16,15,1,6.5
10,16,16,1,7.0
10,16,17,1,10.75
10,16,18,1,7.875
10,16,19,1,8.625
10,16,20,1,4.5
10,16,21,1,2.0
10,16,22,1,1.375
10,16,23,1,0.375
10,21,0,1,0.5
10,21,1,1,0.0
10,21,2,1,0.0
10,21,3,1,0.0
10,21,4,1,1.875
10,21,5,1,0.25
10,21,6,1,2.375
10,21,7,1,12.125
10,21,8,1,14.875
10,21,9,1,30.875
10,21,10,1,16.75
10,21,11,1,6.875
10,21,12,1,9.5
10,21,13,1,7.5
10,21,14,1,6.875
10,21,15,1,7.75
10,21,16,1,8.75
10,21,17,1,13.375
10,21,18,1,22.625
10,21,19,1,7.75
10,21,20,1,6.0
10,21,21,1,2.5
10,21,22,1,1.5
10,21,23,1,0.875
10,22,0,1,0.125
10,22,1,1,0.0
10,22,2,1,0.0
10,22,3,1,0.0
10,22,4,1,0.0
10,22,5,1,0.25
10,22,6,1,2.375
10,22,7,1,8.5
10,22,8,1,18.5
10,22,9,1,33.125
10,22,10,1,16.125
10,22,11,1,7.125
10,22,12,1,7.5
10,22,13,1,7.375
10,22,14,1,6.875
10,22,15,1,7.375
10,22,16,1,8.375
10,22,17,1,20.125
10,22,18,1,8.375
10,22,19,1,8.125
10,22,20,1,5.5
10,22,21,1,2.25
10,22,22,1,1.25
10,22,23,1,0.625
10,23,0,1,0.0
10,23,1,1,0.0
10,23,2,1,0.0
10,23,3,1,0.0
10,23,4,1,0.0
10,23,5,1,0.5
10,23,6,1,2.5
10,23,7,1,8.875
10,23,8,1,16.875
10,23,9,1,30.875
10,23,10,1,9.5
10,23,11,1,6.875
10,23,12,1,6.875
10,23,13,1,7.625
10,23,14,1,6.125
10,23,15,1,5.75
10,23,16,1,7.625
10,23,17,1,15.5
10,23,18,1,10.125
10,23,19,1,10.875
10,23,20,1,4.0
10,23,21,1,1.625
10,23,22,1,0.875
10,23,23,1,0.25
10,28,0,1,0.25
10,28,1,1,0.0
10,28,2,1,0.0
10,28,3,1,0.0
10,28,4,1,0.0
10,28,5,1,0.75
10,28,6,1,3.375
10,28,7,1,13.0
10,28,8,1,21.75
10,28,9,1,36.625
10,28,10,1,15.25
10,28,11,1,7.0
10,28,12,1,7.0
10,28,13,1,7.625
10,28,14,1,8.875
10,28,15,1,8.25
10,28,16,1,8.25
10,28,17,1,22.0
10,28,18,1,19.75
10,28,19,1,6.75
10,28,20,1,3.625
10,28,21,1,2.25
10,28,22,1,1.25
10,28,23,1,0.875
10,29,0,1,0.25
10,29,1,1,0.0
10,29,2,1,0.0
10,29,3,1,0.0
10,29,4,1,0.0
10,29,5,1,0.625
10,29,6,1,2.875
10,29,7,1,10.25
10,29,8,1,27.25
10,29,9,1,29.875
10,29,10,1,12.25
10,29,11,1,6.625
10,29,12,1,7.125
10,29,13,1,7.25
10,29,14,1,6.625
10,29,15,1,7.375
10,29,16,1,9.0
10,29,17,1,25.25
10,29,18,1,11.125
10,29,19,1,7.375
10,29,20,1,4.25
10,29,21,1,2.375
10,29,22,1,1.375
10,29,23,1,0.75
10,30,0,1,0.0
10,30,1,1,0.0
10,30,2,1,0.0
10,30,3,1,0.0
10,30,4,1,0.0
10,30,5,1,0.375
10,30,6,1,2.5
10,30,7,1,9.5
10,30,8,1,26.5
10,30,9,1,28.625
10,30,10,1,9.0
10,30,11,1,6.25
10,30,12,1,6.9
10,30,13,1,7.375
10,30,14,1,6.5
10,30,15,1,6.5
10,30,16,1,8.0
10,30,17,1,17.625
10,30,18,1,11.0
10,30,19,1,6.75
10,30,20,1,3.75
10,30,21,1,2.0
10,30,22,1,1.0
10,30,23,1,0.25
11,5,0,1,0.0
11,5,1,1,0.0
11,5,2,1,0.0
11,5,3,1,0.0
11,5,4,1,0.0
11,5,5,1,0.125
11,5,6,1,2.375
11,5,7,1,10.5
11,5,8,1,24.0
11,5,9,1,28.5
11,5,10,1,9.75
11,5,11,1,7.0
11,5,12,1,7.125
11,5,13,1,6.75
11,5,14,1,7.125
11,5,15,1,7.75
11,5,16,1,9.375
11,5,17,1,10.0
11,5,18,1,20.5
11,5,19,1,9.625
11,5,20,1,4.375
11,5,21,1,2.5
11,5,22,1,1.25
11,5,23,1,0.625
11,11,0,1,0.0
11,11,1,1,0.0
11,11,2,1,0.0
11,11,3,1,0.0
11,11,4,1,0.0
11,11,5,1,0.5
11,11,6,1,2.875
11,11,7,1,8.125
11,11,8,1,35.875
11,11,9,1,40.75
11,11,10,1,8.75
11,11,11,1,6.5
11,11,12,1,7.25
11,11,13,1,7.5
11,11,14,1,6.75
11,11,15,1,8.5
11,11,16,1,21.0
11,11,17,1,21.25
11,11,18,1,9.5
11,11,19,1,5.75
11,11,20,1,2.625
11,11,21,1,1.375
11,11,22,1,1.0
11,11,23,1,0.375
11,12,0,1,0.0
11,12,1,1,0.0
11,12,2,1,0.0
11,12,3,1,0.0
11,12,4,1,0.0
11,12,5,1,0.375
11,12,6,1,2.625
11,12,7,1,8.875
11,12,8,1,13.375
11,12,9,1,13.125
11,12,10,1,8.0
11,12,11,1,6.5
11,12,12,1,6.625
11,12,13,1,6.875
11,12,14,1,5.875
11,12,15,1,6.125
11,12,16,1,8.5
11,12,17,1,21.0
11,12,18,1,8.125
11,12,19,1,5.5
11,12,20,1,2.625
11,12,21,1,2.125
11,12,22,1,1.0
11,12,23,1,0.5
11,13,0,1,0.0
11,13,1,1,0.0
11,13,2,1,0.0
11,13,3,1,0.0
11,13,4,1,0.0
11,13,5,1,0.0
11,13,6,1,1.875
11,13,7,1,29.25
11,13,8,1,21.625
11,13,9,1,32.25
11,13,10,1,12.875
11,13,11,1,6.875
11,13,12,1,7.5
11,13,13,1,7.0
11,13,14,1,6.25
11,13,15,1,6.25
11,13,16,1,7.375
11,13,17,1,10.0
11,13,18,1,33.25
11,13,19,1,14.125
11,13,20,1,3.875
11,13,21,1,2.375
11,13,22,1,1.25
11,13,23,1,0.75
11,20,0,1,0.125
11,20,1,1,0.0
11,20,2,1,0.0
11,20,3,1,0.0
11,20,4,1,0.0
11,20,5,1,0.0
11,20,6,1,1.5
11,20,7,1,6.625
11,20,8,1,13.125
11,20,9,1,11.125
11,20,10,1,9.125
11,20,11,1,6.875
11,20,12,1,7.75
11,20,13,1,8.125
11,20,14,1,7.0
11,20,15,1,7.5
11,20,16,1,8.125
11,20,17,1,7.5
11,20,18,1,7.875
11,20,19,1,8.875
11,20,20,1,4.5
11,20,21,1,2.125
11,20,22,1,1.625
11,20,23,1,0.75
11,27,0,1,0.0
11,27,1,1,0.0
11,27,2,1,0.0
11,27,3,1,0.0
11,27,4,1,0.0
11,27,5,1,0.375
11,27,6,1,2.5
11,27,7,1,9.75
11,27,8,1,25.0
11,27,9,1,25.125
11,27,10,1,7.25
11,27,11,1,5.625
11,27,12,1,6.375
11,27,13,1,6.125
11,27,14,1,5.5
11,27,15,1,6.25
11,27,16,1,7.5
11,27,17,1,10.125
11,27,18,1,12.625
11,27,19,1,6.75
11,27,20,1,2.875
11,27,21,1,1.875
11,27,22,1,1.0
11,27,23,1,0.25
12,4,0,1,0.0
12,4,1,1,0.0
12,4,2,1,0.0
12,4,3,1,0.0
12,4,4,1,0.0
12,4,5,1,0.0
12,4,6,1,1.75
12,4,7,1,7.75
12,4,8,1,20.875
12,4,9,1,32.5
12,4,10,1,9.75
12,4,11,1,5.875
12,4,12,1,6.625
12,4,13,1,6.75
12,4,14,1,5.5
12,4,15,1,5.5
12,4,16,1,7.375
12,4,17,1,29.0
12,4,18,1,36.5
12,4,19,1,15.75
12,4,20,1,4.375
12,4,21,1,2.375
12,4,22,1,1.375
12,4,23,1,0.75
12,10,0,1,0.0
12,10,1,1,0.0
12,10,2,1,0.0
12,10,3,1,0.0
12,10,4,1,0.0
12,10,5,1,0.25
12,10,6,1,2.875
12,10,7,1,10.25
12,10,8,1,26.125
12,10,9,1,25.0
12,10,10,1,9.125
12,10,11,1,7.0
12,10,12,1,6.875
12,10,13,1,7.5
12,10,14,1,7.0
12,10,15,1,7.75
12,10,16,1,8.875
12,10,17,1,33.25
12,10,18,1,36.125
12,10,19,1,35.5
12,10,20,1,8.0
12,10,21,1,4.125
12,10,22,1,3.0
12,10,23,1,0.875
12,11,0,1,0.125
12,11,1,1,0.0
12,11,2,1,0.0
12,11,3,1,0.0
12,11,4,1,0.0
12,11,5,1,0.0
12,11,6,1,1.875
12,11,7,1,7.875
12,11,8,1,23.125
12,11,9,1,29.125
12,11,10,1,12.5
12,11,11,1,6.375
12,11,12,1,6.625
12,11,13,1,6.25
12,11,14,1,5.875
12,11,15,1,6.75
12,11,16,1,8.25
12,11,17,1,32.625
12,11,18,1,34.25
12,11,19,1,29.0
12,11,20,1,4.625
12,11,21,1,3.375
12,11,22,1,2.25
12,11,23,1,0.625
12,18,0,1,0.0
12,18,1,1,0.0
12,18,2,1,0.0
12,18,3,1,0.0
12,18,4,1,0.0
12,18,5,1,0.125
12,18,6,1,2.25
12,18,7,1,8.625
12,18,8,1,17.5
12,18,9,1,19.625
12,18,10,1,8.5
12,18,11,1,7.0
12,18,12,1,7.5
12,18,13,1,10.75
12,18,14,1,11.0
12,18,15,1,7.625
12,18,16,1,8.75
12,18,17,1,20.625
12,18,18,1,35.5
12,18,19,1,27.0
12,18,20,1,4.625
12,18,21,1,3.375
12,18,22,1,2.5
12,18,23,1,1.0
12,31,0,1,0.375
12,31,1,1,0.0
12,31,2,1,0.0
12,31,3,1,0.0
12,31,4,1,0.0
12,31,5,1,0.0
12,31,6,1,0.875
12,31,7,1,3.125
12,31,8,1,4.75
12,31,9,1,4.75
12,31,10,1,4.625
12,31,11,1,5.625
12,31,12,1,6.125
12,31,13,1,6.5
12,31,14,1,5.875
12,31,15,1,10.125
12,31,16,1,8.25
12,31,17,1,5.75
12,31,18,1,6.875
12,31,19,1,6.875
12,31,20,1,6.625
12,31,21,1,5.375
12,31,22,1,4.5
12,31,23,1,2.625
