Month,Day,Hour,Day of Week,Volume,Occupancy
0.0,0.0,0.0,0.16666666666666666,0.24901011878574575,0.051771117166212535
0.0,0.0,0.0,0.3333333333333333,0.2947646282446107,0.0653950953678474
0.0,0.03333333333333333,0.0,0.3333333333333333,0.5204575450945886,0.15803814713896458
0.0,0.03333333333333333,0.0,0.5,0.5450945886493621,0.14986376021798364
0.0,0.06666666666666668,0.0,0.5,0.6128464584249891,0.3215258855585831
0.0,0.06666666666666668,0.0,0.6666666666666666,0.638363396392433,0.17438692098092642
0.0,0.1,0.0,0.6666666666666666,0.6889573251209855,0.22343324250681199
0.0,0.13333333333333333,0.0,0.8333333333333333,0.7105147382314123,0.3433242506811989
0.0,0.16666666666666669,0.0,1.0,0.6436427628684558,0.16893732970027248
0.0,0.2,0.0,0.0,0.43818741750989887,0.10626702997275204
0.0,0.23333333333333334,0.0,0.16666666666666666,0.5886493620765508,0.38147138964577654
0.0,0.26666666666666666,0.0,0.3333333333333333,0.6317641882974043,0.5422343324250681
0.0,0.26666666666666666,0.0,0.5,0.60536735591729,0.2125340599455041
0.0,0.3,0.0,0.5,0.6216454025516939,0.8092643051771117
0.0,0.3,0.0,0.6666666666666666,0.5807303123625165,0.4550408719346049
0.0,0.3333333333333333,0.0,0.6666666666666666,0.5261768587769468,0.7520435967302452
0.0,0.3333333333333333,0.0,0.8333333333333333,0.6357237131544216,0.2888283378746594
0.0,0.3666666666666667,0.0,1.0,0.7716673999120106,0.220708446866485
0.0,0.4,0.0,0.0,0.49934007919049717,0.12534059945504086
0.0,0.5,0.0,1.0,0.625604927408711,0.16348773841961853
0.0,0.5333333333333333,0.0,0.0,0.5244170699516059,0.1335149863760218
0.0,0.5333333333333333,0.0,0.5,0.5046194456665201,0.2534059945504087
0.0,0.5666666666666667,0.0,0.16666666666666666,0.5732512098548175,0.1444141689373297
0.0,0.5666666666666667,0.0,0.6666666666666666,0.6018477782666081,0.329700272479564
0.0,0.6,0.0,0.3333333333333333,0.5002199736031676,0.1307901907356948
0.0,0.6,0.0,0.8333333333333333,0.7087549494060713,0.3242506811989101
0.0,0.6333333333333333,0.0,1.0,0.7760668719753631,0.22888283378746593
0.0,0.6666666666666666,0.0,0.0,0.46898372195336563,0.11444141689373297
0.0,0.6666666666666666,0.0,0.16666666666666666,0.6014078310602728,0.15258855585831063
0.0,0.6666666666666666,0.0,0.6666666666666666,0.6467223933128025,0.18256130790190736
0.0,0.7,0.0,0.16666666666666666,0.5371755389353278,0.3651226158038147
0.0,0.7,0.0,0.3333333333333333,0.5120985481742192,0.553133514986376
0.0,0.7,0.0,0.8333333333333333,0.7263528376594809,0.2098092643051771
0.0,0.7333333333333333,0.0,0.3333333333333333,0.4909810822701276,0.7847411444141689
0.0,0.7333333333333333,0.0,0.5,0.46062472503299606,0.8446866485013623
0.0,0.7333333333333333,0.0,1.0,0.6132864056313243,0.1553133514986376
0.0,0.7666666666666667,0.0,0.0,0.3603167619885614,0.08446866485013624
0.0,0.7666666666666667,0.0,0.5,0.6247250329960405,0.49046321525885556
0.0,0.7666666666666667,0.0,0.6666666666666666,0.5266168059832821,0.7275204359673024
0.0,0.8,0.0,0.16666666666666666,0.6018477782666081,0.16893732970027248
0.0,0.8,0.0,0.6666666666666666,0.655081390233172,0.656675749318801
0.0,0.8,0.0,0.8333333333333333,0.6805983282006159,0.5122615803814714
0.0,0.8333333333333334,0.0,0.3333333333333333,0.5965684117905852,0.16893732970027248
0.0,0.8333333333333334,0.0,0.8333333333333333,0.7272327320721514,0.23433242506811988
0.0,0.8333333333333334,0.0,1.0,0.7575890893092829,0.3514986376021798
0.0,0.8666666666666667,0.0,0.0,0.6656401231852178,0.17166212534059944
0.0,0.8666666666666667,0.0,0.5,0.627364716234052,0.1771117166212534
0.0,0.8666666666666667,0.0,1.0,0.6449626044874616,0.2888283378746594
0.0,0.9,0.0,0.0,0.5481742190937088,0.13896457765667575
0.0,0.9,0.0,0.16666666666666666,0.5112186537615486,0.29155313351498635
0.0,0.9,0.0,0.6666666666666666,0.6124065112186537,0.16348773841961853
0.0,0.9333333333333333,0.0,0.16666666666666666,0.4997800263968324,0.38147138964577654
0.0,0.9333333333333333,0.0,0.3333333333333333,0.4430268367795865,0.4768392370572207
0.0,0.9333333333333333,0.0,0.8333333333333333,0.7039155301363836,0.1989100817438692
0.0,0.9666666666666667,0.0,0.3333333333333333,0.6066871975362957,0.6430517711171662
0.0,0.9666666666666667,0.0,0.5,0.6396832380114387,0.2833787465940054
0.0,0.9666666666666667,0.0,1.0,0.7518697756269248,0.2615803814713896
0.0,0.9999999999999999,0.0,0.0,0.541135063792345,0.13896457765667575
0.0,0.9999999999999999,0.0,0.5,0.5978882534095908,0.7411444141689373
0.0,0.9999999999999999,0.0,0.6666666666666666,0.3801143862736472,0.9754768392370572
0.09090909090909091,0.0,0.0,0.16666666666666666,0.5829300483941927,0.14986376021798364
0.09090909090909091,0.0,0.0,0.6666666666666666,0.5279366476022878,0.6893732970027248
0.09090909090909091,0.0,0.0,0.8333333333333333,0.6612406511218655,0.2724795640326975
0.09090909090909091,0.03333333333333333,0.0,0.3333333333333333,0.6396832380114387,0.21798365122615804
0.09090909090909091,0.03333333333333333,0.0,0.8333333333333333,0.6682798064232293,0.28610354223433243
0.09090909090909091,0.03333333333333333,0.0,1.0,0.722833260008799,0.19073569482288827
0.09090909090909091,0.06666666666666668,0.0,0.0,0.3413990321161461,0.07629427792915532
0.09090909090909091,0.06666666666666668,0.0,0.5,0.6775186977562693,0.19073569482288827
0.09090909090909091,0.06666666666666668,0.0,1.0,0.722833260008799,0.3678474114441417
0.09090909090909091,0.1,0.0,0.0,0.3378794544654642,0.07356948228882834
0.09090909090909091,0.1,0.0,0.16666666666666666,0.656841179058513,0.1880108991825613
0.09090909090909091,0.1,0.0,0.6666666666666666,0.6484821821381435,0.18256130790190736
0.09090909090909091,0.13333333333333333,0.0,0.16666666666666666,0.638363396392433,0.2779291553133515
0.09090909090909091,0.13333333333333333,0.0,0.3333333333333333,0.6603607567091949,0.6485013623978202
0.09090909090909091,0.13333333333333333,0.0,0.8333333333333333,0.6810382754069512,0.2506811989100817
0.09090909090909091,0.16666666666666669,0.0,0.3333333333333333,0.6009678838539376,0.5967302452316076
0.09090909090909091,0.16666666666666669,0.0,0.5,0.6172459304883414,0.4305177111716621
0.09090909090909091,0.16666666666666669,0.0,1.0,0.6590409150901892,0.17166212534059944
0.09090909090909091,0.2,0.0,0.0,0.3845138583369996,0.08991825613079019
0.09090909090909091,0.2,0.0,0.5,0.6533216014078311,0.7302452316076294
0.09090909090909091,0.2,0.0,0.6666666666666666,0.6014078310602728,0.24250681198910082
0.09090909090909091,0.23333333333333334,0.0,0.16666666666666666,0.5428948526176859,0.13896457765667575
0.09090909090909091,0.23333333333333334,0.0,0.6666666666666666,0.5050593928728553,0.7193460490463215
0.09090909090909091,0.23333333333333334,0.0,0.8333333333333333,0.5842498900131985,0.40054495912806537
0.09090909090909091,0.26666666666666666,0.0,0.3333333333333333,0.8156621205455346,0.16566757493188008
0.09090909090909091,0.26666666666666666,0.0,0.8333333333333333,0.675318961724593,0.43869209809264303
0.09090909090909091,0.26666666666666666,0.0,1.0,0.693356797184338,0.3188010899182561
0.09090909090909091,0.3,0.0,0.0,0.5384953805543335,0.1335149863760218
0.09090909090909091,0.3,0.0,0.5,0.6401231852177739,0.15803814713896458
0.09090909090909091,0.3,0.0,1.0,0.7826660800703916,0.2125340599455041
0.09090909090909091,0.3333333333333333,0.0,0.0,0.4729432468103828,0.11171662125340599
0.09090909090909091,0.3333333333333333,0.0,0.16666666666666666,0.6304443466783987,0.20163487738419617
0.09090909090909091,0.3333333333333333,0.0,0.6666666666666666,0.31104267487901455,0.07356948228882834
0.09090909090909091,0.3666666666666667,0.0,0.16666666666666666,0.5266168059832821,0.6920980926430518
0.09090909090909091,0.3666666666666667,0.0,0.3333333333333333,0.5631324241091069,0.3760217983651226
0.09090909090909091,0.3666666666666667,0.0,0.8333333333333333,0.48350197976242854,0.11989100817438691
0.09090909090909091,0.4,0.0,0.3333333333333333,0.625604927408711,0.3514986376021798
0.09090909090909091,0.4,0.0,0.5,0.6590409150901892,0.24523160762942778
0.09090909090909091,0.4,0.0,1.0,0.35635723713154427,0.08446866485013624
0.09090909090909091,0.43333333333333335,0.0,0.0,0.037395512538495386,0.008174386920980926
0.09090909090909091,0.43333333333333335,0.0,0.5,0.5252969643642763,0.7465940054495912
0.09090909090909091,0.43333333333333335,0.0,0.6666666666666666,0.5912890453145623,0.7438692098092643
0.09090909090909091,0.4666666666666667,0.0,0.6666666666666666,0.6031676198856137,0.7956403269754768
0.09090909090909091,0.4666666666666667,0.0,0.8333333333333333,0.6572811262648482,0.7275204359673024
0.09090909090909091,0.5,0.0,1.0,0.6849978002639684,0.23433242506811988
0.09090909090909091,0.5333333333333333,0.0,0.0,0.6542014958205016,0.1771117166212534
0.09090909090909091,0.5333333333333333,0.0,1.0,0.7215134183897933,0.19346049046321526
0.09090909090909091,0.5666666666666667,0.0,0.0,0.5714914210294765,0.1444141689373297
0.09090909090909091,0.5666666666666667,0.0,0.16666666666666666,0.6106467223933129,0.1553133514986376
0.09090909090909091,0.6,0.0,0.16666666666666666,0.5948086229652442,0.14986376021798364
0.09090909090909091,0.6,0.0,0.3333333333333333,0.5354157501099869,0.220708446866485
0.09090909090909091,0.6666666666666666,0.0,0.0,0.49010118785745715,0.11989100817438691
0.09090909090909091,0.7,0.0,0.16666666666666666,0.5970083589969204,0.1662125340599455
0.09090909090909091,0.7,0.0,0.6666666666666666,0.4491860976682798,0.38147138964577654
0.09090909090909091,0.7333333333333333,0.0,0.3333333333333333,0.5622525296964365,0.16076294277929154
0.09090909090909091,0.7333333333333333,0.0,0.8333333333333333,0.7325120985481742,0.38419618528610355
0.09090909090909091,0.7666666666666667,0.0,1.0,0.6942366915970084,0.2997275204359673
0.09090909090909091,0.8,0.0,0.0,0.5952485701715795,0.14713896457765668
0.09090909090909091,0.8,0.0,0.6666666666666666,0.6995160580730313,0.20435967302452315
0.09090909090909091,0.8333333333333334,0.0,0.16666666666666666,0.6339639243290806,0.40599455040871935
0.09090909090909091,0.8333333333333334,0.0,0.8333333333333333,0.7083150021997361,0.4550408719346049
0.09090909090909091,0.8666666666666667,0.0,0.3333333333333333,0.5389353277606688,0.2534059945504087
0.09090909090909091,0.8666666666666667,0.0,1.0,0.6841179058512978,0.18256130790190736
0.09090909090909091,0.9,0.0,0.5,0.7716673999120106,0.47411444141689374
0.1818181818181818,0.0,0.0,0.6666666666666666,0.6673999120105588,0.553133514986376
0.1818181818181818,0.03333333333333333,0.0,0.3333333333333333,0.6959964804223494,0.19346049046321526
0.1818181818181818,0.03333333333333333,0.0,0.8333333333333333,0.607127144742631,0.4250681198910082
0.1818181818181818,0.06666666666666668,0.0,0.5,0.6590409150901892,0.19618528610354222
0.1818181818181818,0.06666666666666668,0.0,1.0,0.8011438627364716,0.2316076294277929
0.1818181818181818,0.1,0.0,0.0,0.6559612846458426,0.22615803814713895
0.1818181818181818,0.1,0.0,0.16666666666666666,0.6502419709634845,0.18528610354223432
0.1818181818181818,0.1,0.0,0.6666666666666666,0.7017157941047075,0.3188010899182561
0.1818181818181818,0.13333333333333333,0.0,0.16666666666666666,0.5477342718873736,0.22888283378746593
0.1818181818181818,0.13333333333333333,0.0,0.3333333333333333,0.6242850857897053,0.23705722070844687
0.1818181818181818,0.13333333333333333,0.0,0.8333333333333333,0.7479102507699077,0.5040871934604905
0.1818181818181818,0.16666666666666669,0.0,0.3333333333333333,0.6132864056313243,0.44686648501362397
0.1818181818181818,0.16666666666666669,0.0,0.5,0.6687197536295645,0.44959128065395093
0.1818181818181818,0.16666666666666669,0.0,1.0,0.7817861856577212,0.2561307901907357
0.1818181818181818,0.2,0.0,0.0,0.6110866695996481,0.1553133514986376
0.1818181818181818,0.2,0.0,0.6666666666666666,0.509898812142543,0.7602179836512262
0.1818181818181818,0.23333333333333334,0.0,0.16666666666666666,0.6471623405191378,0.29427792915531337
0.1818181818181818,0.23333333333333334,0.0,0.8333333333333333,0.8715354157501101,0.1983651226158038
0.1818181818181818,0.26666666666666666,0.0,0.3333333333333333,0.711834579850418,0.24250681198910082
0.1818181818181818,0.26666666666666666,0.0,1.0,0.6867575890893093,0.1771117166212534
0.1818181818181818,0.3,0.0,0.5,0.6515618125824901,0.39237057220708443
0.1818181818181818,0.3,0.0,1.0,0.638363396392433,0.17166212534059944
0.1818181818181818,0.3333333333333333,0.0,0.16666666666666666,0.5279366476022878,0.5122615803814714
0.1818181818181818,0.3333333333333333,0.0,0.6666666666666666,0.6467223933128025,0.3188010899182561
0.1818181818181818,0.3666666666666667,0.0,0.16666666666666666,0.46898372195336563,0.5149863760217983
0.1818181818181818,0.3666666666666667,0.0,0.3333333333333333,0.49362076550813905,0.6811989100817438
0.1818181818181818,0.3666666666666667,0.0,0.8333333333333333,0.7197536295644523,0.2534059945504087
0.1818181818181818,0.4,0.0,0.3333333333333333,0.5015398152221734,0.39237057220708443
0.1818181818181818,0.4,0.0,0.5,0.462384513858337,0.7956403269754768
0.1818181818181818,0.4,0.0,1.0,0.6775186977562693,0.22615803814713895
0.1818181818181818,0.43333333333333335,0.0,0.6666666666666666,0.5019797624285086,0.41689373297002724
0.1818181818181818,0.4666666666666667,0.0,0.16666666666666666,0.5948086229652442,0.3215258855585831
0.1818181818181818,0.4666666666666667,0.0,0.6666666666666666,0.5670919489661241,0.1662125340599455
0.1818181818181818,0.4666666666666667,0.0,0.8333333333333333,0.561372635283766,0.14713896457765668
0.1818181818181818,0.5,0.0,0.3333333333333333,0.6436427628684558,0.2615803814713896
0.1818181818181818,0.5,0.0,0.8333333333333333,0.6827980642322922,0.1771117166212534
0.1818181818181818,0.5,0.0,1.0,0.6709194896612407,0.16893732970027248
0.1818181818181818,0.5333333333333333,0.0,0.0,0.5415750109986802,0.13623978201634876
0.1818181818181818,0.5333333333333333,0.0,1.0,0.6229652441706995,0.15258855585831063
0.1818181818181818,0.5666666666666667,0.0,0.0,0.5547734271887373,0.13896457765667575
0.1818181818181818,0.5666666666666667,0.0,0.16666666666666666,0.6339639243290806,0.16348773841961853
0.1818181818181818,0.6,0.0,0.16666666666666666,0.6317641882974043,0.42779291553133514
0.1818181818181818,0.6,0.0,0.3333333333333333,0.6731192256929169,0.1771117166212534
0.1818181818181818,0.6333333333333333,0.0,0.3333333333333333,0.6172459304883414,0.7029972752043596
0.1818181818181818,0.6333333333333333,0.0,1.0,0.7681478222613287,0.38419618528610355
0.1818181818181818,0.6666666666666666,0.0,0.0,0.6260448746150462,0.15803814713896458
0.1818181818181818,0.6666666666666666,0.0,0.5,0.5877694676638804,0.6948228882833787
0.1818181818181818,0.6666666666666666,0.0,0.6666666666666666,0.7083150021997361,0.24523160762942778
0.1818181818181818,0.7,0.0,0.16666666666666666,0.60536735591729,0.16348773841961853
0.1818181818181818,0.7,0.0,0.6666666666666666,0.7237131544214694,0.6811989100817438
0.1818181818181818,0.7,0.0,0.8333333333333333,0.6885173779146503,0.2125340599455041
0.1818181818181818,0.7333333333333333,0.0,0.8333333333333333,0.6005279366476023,0.5340599455040872
0.1818181818181818,0.7333333333333333,0.0,1.0,0.6700395952485703,0.16893732970027248
0.1818181818181818,0.7666666666666667,0.0,0.0,0.5877694676638804,0.14713896457765668
0.1818181818181818,0.7666666666666667,0.0,1.0,0.6282446106467224,0.2561307901907357
0.1818181818181818,0.8,0.0,0.0,0.5763308402991641,0.1444141689373297
0.1818181818181818,0.8,0.0,0.16666666666666666,0.5802903651561813,0.5667574931880108
0.1818181818181818,0.8333333333333334,0.0,0.16666666666666666,0.4667839859216894,0.24250681198910082
0.1818181818181818,0.8333333333333334,0.0,0.3333333333333333,0.5248570171579411,0.5940054495912807
0.1818181818181818,0.8666666666666667,0.0,0.3333333333333333,0.5094588649362077,0.555858310626703
0.1818181818181818,0.8666666666666667,0.0,0.5,0.5406951165860098,0.7111716621253406
0.1818181818181818,0.8666666666666667,0.0,1.0,0.6603607567091949,0.3433242506811989
0.1818181818181818,0.9,0.0,0.0,0.6401231852177739,0.1662125340599455
0.1818181818181818,0.9,0.0,0.6666666666666666,0.5094588649362077,0.5912806539509536
0.1818181818181818,0.9333333333333333,0.0,0.6666666666666666,0.4434667839859217,0.5912806539509536
0.1818181818181818,0.9333333333333333,0.0,0.8333333333333333,0.636603607567092,0.3678474114441417
0.1818181818181818,0.9666666666666667,0.0,0.3333333333333333,0.7083150021997361,0.19073569482288827
0.1818181818181818,0.9666666666666667,0.0,1.0,0.59612846458425,0.23978201634877383
0.1818181818181818,0.9999999999999999,0.0,0.0,0.6577210734711835,0.16893732970027248
0.1818181818181818,0.9999999999999999,0.0,0.5,0.7113946326440828,0.23433242506811988
0.2727272727272727,0.0,0.0,0.16666666666666666,0.6352837659480862,0.2098092643051771
0.2727272727272727,0.0,0.0,0.6666666666666666,0.6577210734711835,0.24795640326975477
0.2727272727272727,0.03333333333333333,0.0,0.16666666666666666,0.6744390673119226,0.19073569482288827
0.2727272727272727,0.03333333333333333,0.0,0.3333333333333333,0.5789705235371756,0.25885558583106266
0.2727272727272727,0.03333333333333333,0.0,0.8333333333333333,0.7052353717553894,0.18528610354223432
0.2727272727272727,0.06666666666666668,0.0,0.3333333333333333,0.541135063792345,0.47411444141689374
0.2727272727272727,0.06666666666666668,0.0,0.5,0.6062472503299604,0.2833787465940054
0.2727272727272727,0.06666666666666668,0.0,1.0,0.6511218653761549,0.16348773841961853
0.2727272727272727,0.1,0.0,0.0,0.4575450945886494,0.10354223433242507
0.2727272727272727,0.1,0.0,0.5,0.594368675758909,0.8092643051771117
0.2727272727272727,0.1,0.0,0.6666666666666666,0.6300043994720634,0.7329700272479563
0.2727272727272727,0.1,0.0,1.0,0.1900571931368236,0.03814713896457766
0.2727272727272727,0.13333333333333333,0.0,0.0,0.19049714034315884,0.03814713896457766
0.2727272727272727,0.13333333333333333,0.0,0.16666666666666666,0.6357237131544216,0.1771117166212534
0.2727272727272727,0.13333333333333333,0.0,0.6666666666666666,0.5917289925208975,0.5940054495912807
0.2727272727272727,0.13333333333333333,0.0,0.8333333333333333,0.5772107347118346,0.7247956403269754
0.2727272727272727,0.16666666666666669,0.0,0.16666666666666666,0.2010558732952046,0.04087193460490463
0.2727272727272727,0.16666666666666669,0.0,0.3333333333333333,0.7461504619445667,0.37057220708446864
0.2727272727272727,0.16666666666666669,0.0,0.8333333333333333,0.6577210734711835,0.6021798365122616
0.2727272727272727,0.16666666666666669,0.0,1.0,0.7756269247690277,0.20163487738419617
0.2727272727272727,0.2,0.0,0.0,0.6616805983282007,0.1662125340599455
0.2727272727272727,0.2,0.0,0.3333333333333333,0.236691597008359,0.049046321525885554
0.2727272727272727,0.2,0.0,1.0,0.3044434667839859,0.4305177111716621
0.2727272727272727,0.23333333333333334,0.0,0.0,0.5873295204575452,0.1444141689373297
0.2727272727272727,0.23333333333333334,0.0,0.16666666666666666,0.655081390233172,0.329700272479564
0.2727272727272727,0.23333333333333334,0.0,0.5,0.2265728112626485,0.06267029972752043
0.2727272727272727,0.23333333333333334,0.0,0.6666666666666666,0.7373515178178619,0.3188010899182561
0.2727272727272727,0.26666666666666666,0.0,0.16666666666666666,0.7276726792784867,0.19618528610354222
0.2727272727272727,0.26666666666666666,0.0,0.3333333333333333,0.6731192256929169,0.779291553133515
0.2727272727272727,0.26666666666666666,0.0,0.6666666666666666,0.183457985041795,0.03542234332425068
0.2727272727272727,0.3,0.0,0.3333333333333333,0.5310162780466344,0.8038147138964578
0.2727272727272727,0.3,0.0,0.5,0.5640123185217775,0.40054495912806537
0.2727272727272727,0.3,0.0,0.8333333333333333,0.25692916849978004,0.05722070844686648
0.2727272727272727,0.3333333333333333,0.0,0.0,0.5776506819181698,0.1416893732970027
0.2727272727272727,0.3333333333333333,0.0,0.5,0.6546414430268368,0.8147138964577656
0.2727272727272727,0.3333333333333333,0.0,0.6666666666666666,0.7193136823581171,0.6403269754768393
0.2727272727272727,0.3333333333333333,0.0,1.0,0.19269687637483504,0.03814713896457766
0.2727272727272727,0.3666666666666667,0.0,0.0,0.1953365596128465,0.04087193460490463
0.2727272727272727,0.3666666666666667,0.0,0.16666666666666666,0.6423229212494501,0.17438692098092642
0.2727272727272727,0.3666666666666667,0.0,0.6666666666666666,0.6700395952485703,0.771117166212534
0.2727272727272727,0.3666666666666667,0.0,0.8333333333333333,0.5349758029036517,0.7029972752043596
0.2727272727272727,0.4,0.0,0.16666666666666666,0.2120545534535856,0.043596730245231606
0.2727272727272727,0.4,0.0,0.3333333333333333,0.7061152661680599,0.19346049046321526
0.2727272727272727,0.4,0.0,0.8333333333333333,0.6911570611526617,0.6512261580381471
0.2727272727272727,0.4,0.0,1.0,0.722833260008799,0.4141689373297003
0.2727272727272727,0.43333333333333335,0.0,0.0,0.6625604927408711,0.17166212534059944
0.2727272727272727,0.43333333333333335,0.0,0.3333333333333333,0.2498900131984162,0.051771117166212535
0.2727272727272727,0.43333333333333335,0.0,1.0,0.6986361636603609,0.3405994550408719
0.2727272727272727,0.4666666666666667,0.0,0.0,0.6005279366476023,0.14986376021798364
0.2727272727272727,0.4666666666666667,0.0,0.16666666666666666,0.6137263528376595,0.17438692098092642
0.2727272727272727,0.4666666666666667,0.0,0.5,0.25252969643642764,0.05449591280653951
0.2727272727272727,0.5,0.0,0.16666666666666666,0.6722393312802464,0.3760217983651226
0.2727272727272727,0.5,0.0,0.6666666666666666,0.2793664760228773,0.06267029972752043
0.2727272727272727,0.5,0.0,0.8333333333333333,0.6436427628684558,0.20708446866485014
0.2727272727272727,0.5333333333333333,0.0,0.3333333333333333,0.6876374835019798,0.5258855585831063
0.2727272727272727,0.5333333333333333,0.0,0.8333333333333333,0.2507699076110867,0.051771117166212535
0.2727272727272727,0.5333333333333333,0.0,1.0,0.7373515178178619,0.19618528610354222
0.2727272727272727,0.5666666666666667,0.0,0.0,0.5270567531896173,0.12806539509536785
0.2727272727272727,0.5666666666666667,0.0,0.5,0.6278046634403872,0.6948228882833787
0.2727272727272727,0.5666666666666667,0.0,1.0,0.2432908051033876,0.051771117166212535
0.2727272727272727,0.6,0.0,0.0,0.27320721513418394,0.06267029972752043
0.2727272727272727,0.6,0.0,0.16666666666666666,0.6432028156621206,0.16348773841961853
0.2727272727272727,0.6,0.0,0.6666666666666666,0.5719313682358117,0.664850136239782
0.2727272727272727,0.6333333333333333,0.0,0.16666666666666666,0.24373075230972285,0.051771117166212535
0.2727272727272727,0.6333333333333333,0.0,0.3333333333333333,0.7391113066432029,0.23705722070844687
0.2727272727272727,0.6333333333333333,0.0,0.8333333333333333,0.6691597008358997,0.667574931880109
0.2727272727272727,0.6666666666666666,0.0,0.3333333333333333,0.24857017157941047,0.051771117166212535
0.2727272727272727,0.6666666666666666,0.0,1.0,0.5354157501099869,0.26975476839237056
0.2727272727272727,0.7,0.0,0.0,0.8240211174659041,0.1678474114441417
0.2727272727272727,0.7,0.0,0.6666666666666666,0.7615486141663,0.2670299727520436
0.2727272727272727,0.7333333333333333,0.0,0.16666666666666666,0.5248570171579411,0.6376021798365122
0.2727272727272727,0.7333333333333333,0.0,0.3333333333333333,0.6009678838539376,0.20708446866485014
0.2727272727272727,0.7333333333333333,0.0,0.8333333333333333,0.713594368675759,0.17983651226158037
0.2727272727272727,0.7666666666666667,0.0,0.3333333333333333,0.7065552133743951,0.47411444141689374
0.2727272727272727,0.7666666666666667,0.0,0.5,0.5644522657281127,0.2997275204359673
0.2727272727272727,0.7666666666666667,0.0,0.8333333333333333,0.32204135503739556,0.06811989100817438
0.2727272727272727,0.7666666666666667,0.0,1.0,0.7527496700395953,0.2316076294277929
0.2727272727272727,0.8,0.0,0.0,0.4487461504619446,0.11171662125340599
0.2727272727272727,0.8,0.0,0.5,0.4883413990321162,0.5749318801089918
0.2727272727272727,0.8,0.0,0.6666666666666666,0.5732512098548175,0.662125340599455
0.2727272727272727,0.8,0.0,1.0,0.3391992960844699,0.07901907356948229
0.2727272727272727,0.8333333333333334,0.0,0.0,0.2894852617685878,0.0653950953678474
0.2727272727272727,0.8333333333333334,0.0,0.16666666666666666,0.658600967883854,0.17438692098092642
0.2727272727272727,0.8333333333333334,0.0,0.6666666666666666,0.5996480422349318,0.8201634877384196
0.2727272727272727,0.8333333333333334,0.0,0.8333333333333333,0.603607567091949,0.7002724795640327
0.2727272727272727,0.8666666666666667,0.0,0.16666666666666666,0.2507699076110867,0.05722070844686648
0.2727272727272727,0.8666666666666667,0.0,0.3333333333333333,0.6902771667399913,0.18256130790190736
0.2727272727272727,0.8666666666666667,0.0,0.8333333333333333,0.5494940607127146,0.22615803814713895
0.2727272727272727,0.8666666666666667,0.0,1.0,0.7078750549934009,0.4877384196185286
0.2727272727272727,0.9,0.0,0.0,0.6388033435987682,0.16893732970027248
0.2727272727272727,0.9,0.0,0.3333333333333333,0.25912890453145626,0.05449591280653951
0.2727272727272727,0.9,0.0,0.5,0.7553893532776067,0.30517711171662126
0.2727272727272727,0.9,0.0,1.0,0.7575890893092829,0.3460490463215259
0.2727272727272727,0.9333333333333333,0.0,0.0,0.6344038715354158,0.16893732970027248
0.2727272727272727,0.9333333333333333,0.0,0.16666666666666666,0.5921689397272327,0.335149863760218
0.2727272727272727,0.9333333333333333,0.0,0.5,0.2784865816102068,0.05722070844686648
0.2727272727272727,0.9666666666666667,0.0,0.16666666666666666,0.5789705235371756,0.21525885558583105
0.2727272727272727,0.9666666666666667,0.0,0.3333333333333333,0.6132864056313243,0.35967302452316074
0.2727272727272727,0.9666666666666667,0.0,0.6666666666666666,0.3088429388473383,0.06811989100817438
0.36363636363636365,0.0,0.0,0.3333333333333333,0.7087549494060713,0.4305177111716621
0.36363636363636365,0.0,0.0,0.5,0.6374835019797624,0.2779291553133515
0.36363636363636365,0.0,0.0,0.8333333333333333,0.39375274967003965,0.08991825613079019
0.36363636363636365,0.03333333333333333,0.0,0.5,0.6528816542014959,0.7247956403269754
0.36363636363636365,0.03333333333333333,0.0,0.6666666666666666,0.5807303123625165,0.5340599455040872
0.36363636363636365,0.03333333333333333,0.0,1.0,0.36339639243290806,0.08719346049046321
0.36363636363636365,0.06666666666666668,0.0,0.0,0.31104267487901455,0.07356948228882834
0.36363636363636365,0.06666666666666668,0.0,0.16666666666666666,0.6783985921689397,0.1880108991825613
0.36363636363636365,0.06666666666666668,0.0,0.6666666666666666,0.5675318961724594,0.5831062670299727
0.36363636363636365,0.1,0.0,0.16666666666666666,0.30004399472063353,0.0653950953678474
0.36363636363636365,0.1,0.0,0.3333333333333333,0.6880774307083151,0.45776566757493187
0.36363636363636365,0.1,0.0,0.8333333333333333,0.7272327320721514,0.2888283378746594
0.36363636363636365,0.13333333333333333,0.0,0.3333333333333333,0.31148262208534977,0.07356948228882834
0.36363636363636365,0.13333333333333333,0.0,0.5,0.7197536295644523,0.40326975476839233
0.36363636363636365,0.13333333333333333,0.0,1.0,0.7883853937527497,0.2670299727520436
0.36363636363636365,0.16666666666666669,0.0,0.0,0.5574131104267488,0.1335149863760218
0.36363636363636365,0.16666666666666669,0.0,0.5,0.355917289925209,0.08174386920980926
0.36363636363636365,0.16666666666666669,0.0,0.6666666666666666,0.7509898812142544,0.49046321525885556
0.36363636363636365,0.2,0.0,0.16666666666666666,0.6203255609326881,0.2779291553133515
0.36363636363636365,0.2,0.0,0.6666666666666666,0.3233611966564013,0.07084468664850135
0.36363636363636365,0.23333333333333334,0.0,0.3333333333333333,0.6286845578530577,0.3569482288828338
0.36363636363636365,0.23333333333333334,0.0,0.5,0.6066871975362957,0.14986376021798364
0.36363636363636365,0.23333333333333334,0.0,0.8333333333333333,0.3845138583369996,0.08719346049046321
0.36363636363636365,0.26666666666666666,0.0,0.0,0.5772107347118346,0.1444141689373297
0.36363636363636365,0.26666666666666666,0.0,0.5,0.6212054553453586,0.7329700272479563
0.36363636363636365,0.26666666666666666,0.0,0.6666666666666666,0.7113946326440828,0.4931880108991825
0.36363636363636365,0.26666666666666666,0.0,1.0,0.37527496700395957,0.08446866485013624
0.36363636363636365,0.3,0.0,0.0,0.36295644522657283,0.08174386920980926
0.36363636363636365,0.3,0.0,0.16666666666666666,0.6709194896612407,0.17438692098092642
0.36363636363636365,0.3,0.0,0.6666666666666666,0.44258688957325126,0.37057220708446864
0.36363636363636365,0.3,0.0,0.8333333333333333,0.5692916849978003,0.335149863760218
0.36363636363636365,0.3333333333333333,0.0,0.16666666666666666,0.31016278046634405,0.06811989100817438
0.36363636363636365,0.3333333333333333,0.0,0.3333333333333333,0.700835899692037,0.20435967302452315
0.36363636363636365,0.3333333333333333,0.0,0.8333333333333333,0.5270567531896173,0.5258855585831063
0.36363636363636365,0.3333333333333333,0.0,1.0,0.6990761108666961,0.220708446866485
0.36363636363636365,0.3666666666666667,0.0,0.0,0.5948086229652442,0.15258855585831063
0.36363636363636365,0.3666666666666667,0.0,0.3333333333333333,0.21073471183457987,0.043596730245231606
0.36363636363636365,0.3666666666666667,0.0,0.5,0.6572811262648482,0.2125340599455041
0.36363636363636365,0.3666666666666667,0.0,1.0,0.7157941047074352,0.2316076294277929
0.36363636363636365,0.4,0.0,0.0,0.4883413990321162,0.12261580381471389
0.36363636363636365,0.4,0.0,0.16666666666666666,0.7193136823581171,0.23705722070844687
0.36363636363636365,0.4,0.0,0.5,0.33655961284645847,0.07084468664850135
0.36363636363636365,0.4,0.0,0.6666666666666666,0.7919049714034316,0.30517711171662126
0.36363636363636365,0.43333333333333335,0.0,0.16666666666666666,0.44566652001759793,0.24795640326975477
0.36363636363636365,0.43333333333333335,0.0,0.3333333333333333,0.7197536295644523,0.27520435967302453
0.36363636363636365,0.43333333333333335,0.0,0.6666666666666666,0.37351517817861857,0.08446866485013624
0.36363636363636365,0.4666666666666667,0.0,0.3333333333333333,0.689837219533656,0.5057220708446866
0.36363636363636365,0.4666666666666667,0.0,0.5,0.6849978002639684,0.5749318801089918
0.36363636363636365,0.5,0.0,0.5,0.6735591728992522,0.7602179836512262
0.36363636363636365,0.5,0.0,0.6666666666666666,0.6880774307083151,0.6185286103542235
0.36363636363636365,0.5333333333333333,0.0,0.6666666666666666,0.5934887813462385,0.7874659400544959
0.36363636363636365,0.5333333333333333,0.0,0.8333333333333333,0.6185657721073472,0.3651226158038147
0.36363636363636365,0.5666666666666667,0.0,0.16666666666666666,0.3581170259568852,0.08174386920980926
0.36363636363636365,0.5666666666666667,0.0,0.3333333333333333,0.6616805983282007,0.18256130790190736
0.36363636363636365,0.5666666666666667,0.0,0.8333333333333333,0.5222173339199296,0.26975476839237056
0.36363636363636365,0.5666666666666667,0.0,1.0,0.704355477342719,0.23978201634877383
0.36363636363636365,0.6,0.0,0.0,0.5587329520457546,0.13623978201634876
0.36363636363636365,0.6,0.0,0.3333333333333333,0.37395512538495385,0.08446866485013624
0.36363636363636365,0.6,0.0,1.0,0.8095028596568412,0.21798365122615804
0.36363636363636365,0.6333333333333333,0.0,0.0,0.48394192696876376,0.11444141689373297
0.36363636363636365,0.6333333333333333,0.0,0.16666666666666666,0.6722393312802464,0.18528610354223432
0.36363636363636365,0.6666666666666666,0.0,0.16666666666666666,0.6621205455345359,0.17983651226158037
0.36363636363636365,0.6666666666666666,0.0,0.3333333333333333,0.6291245050593929,0.20708446866485014
0.36363636363636365,0.6666666666666666,0.0,0.8333333333333333,0.6977562692476903,0.5258855585831063
0.36363636363636365,0.7,0.0,0.3333333333333333,0.4821821381434228,0.4768392370572207
0.36363636363636365,0.7,0.0,1.0,0.658600967883854,0.24250681198910082
0.36363636363636365,0.7333333333333333,0.0,0.0,0.5362956445226573,0.1335149863760218
0.36363636363636365,0.7333333333333333,0.0,0.5,0.6132864056313243,0.8201634877384196
0.36363636363636365,0.7333333333333333,0.0,0.6666666666666666,0.6484821821381435,0.5994550408719346
0.36363636363636365,0.7333333333333333,0.0,1.0,0.45578530576330845,0.11444141689373297
0.36363636363636365,0.7666666666666667,0.0,0.0,0.4254289485261769,0.16348773841961853
0.36363636363636365,0.7666666666666667,0.0,0.16666666666666666,0.625604927408711,0.220708446866485
0.36363636363636365,0.7666666666666667,0.0,0.8333333333333333,0.7619885613726354,0.21798365122615804
0.36363636363636365,0.8,0.0,0.16666666666666666,0.289925208974923,0.06267029972752043
0.36363636363636365,0.8,0.0,0.3333333333333333,0.7443906731192257,0.32697547683923706
0.36363636363636365,0.8,0.0,1.0,0.75230972283326,0.2125340599455041
0.36363636363636365,0.8333333333333334,0.0,0.0,0.6546414430268368,0.17438692098092642
0.36363636363636365,0.8333333333333334,0.0,0.3333333333333333,0.4478662560492741,0.10899182561307902
0.36363636363636365,0.8333333333333334,0.0,0.5,0.636603607567092,0.41689373297002724
0.36363636363636365,0.8666666666666667,0.0,0.16666666666666666,0.48922129344478665,0.12261580381471389
0.36363636363636365,0.8666666666666667,0.0,0.5,0.3902331720193577,0.08719346049046321
0.36363636363636365,0.8666666666666667,0.0,0.6666666666666666,0.7919049714034316,0.35967302452316074
0.36363636363636365,0.9,0.0,0.16666666666666666,0.4157501099868016,0.09809264305177111
0.36363636363636365,0.9,0.0,0.3333333333333333,0.6410030796304443,0.3896457765667575
0.36363636363636365,0.9,0.0,0.6666666666666666,0.49758029036515616,0.11716621253405994
0.36363636363636365,0.9333333333333333,0.0,0.5,0.6326440827100749,0.5231607629427792
0.36363636363636365,0.9333333333333333,0.0,0.8333333333333333,0.5420149582050154,0.1307901907356948
0.36363636363636365,0.9666666666666667,0.0,0.0,0.5164980202375715,0.25885558583106266
0.36363636363636365,0.9666666666666667,0.0,0.6666666666666666,0.6405631324241091,0.7520435967302452
0.36363636363636365,0.9666666666666667,0.0,1.0,0.5323361196656402,0.1307901907356948
0.36363636363636365,0.9999999999999999,0.0,0.0,0.32644082710074795,0.07084468664850135
0.36363636363636365,0.9999999999999999,0.0,0.16666666666666666,0.5824901011878575,0.1444141689373297
0.36363636363636365,0.9999999999999999,0.0,0.6666666666666666,0.6924769027716674,0.6294277929155313
0.36363636363636365,0.9999999999999999,0.0,0.8333333333333333,0.5811702595688518,0.23433242506811988
0.4545454545454545,0.0,0.0,0.16666666666666666,0.409150901891773,0.08991825613079019
0.4545454545454545,0.0,0.0,0.3333333333333333,0.7056753189617246,0.26430517711171664
0.4545454545454545,0.0,0.0,0.8333333333333333,0.5450945886493621,0.5667574931880108
0.4545454545454545,0.0,0.0,1.0,0.6330840299164101,0.2561307901907357
0.4545454545454545,0.03333333333333333,0.0,0.3333333333333333,0.3906731192256929,0.08991825613079019
0.4545454545454545,0.03333333333333333,0.0,0.5,0.7237131544214694,0.5803814713896458
0.4545454545454545,0.03333333333333333,0.0,1.0,0.7083150021997361,0.22615803814713895
0.4545454545454545,0.06666666666666668,0.0,0.0,0.5939287285525737,0.15258855585831063
0.4545454545454545,0.06666666666666668,0.0,0.5,0.46942366915970085,0.11171662125340599
0.4545454545454545,0.06666666666666668,0.0,0.6666666666666666,0.6251649802023758,0.44959128065395093
0.4545454545454545,0.1,0.0,0.6666666666666666,0.4496260448746151,0.10081743869209808
0.4545454545454545,0.1,0.0,0.8333333333333333,0.6695996480422349,0.444141689373297
0.4545454545454545,0.13333333333333333,0.0,0.8333333333333333,0.5129784425868896,0.12806539509536785
0.4545454545454545,0.13333333333333333,0.0,1.0,0.677078750549934,0.20708446866485014
0.4545454545454545,0.16666666666666669,0.0,0.0,0.59612846458425,0.1444141689373297
0.4545454545454545,0.16666666666666669,0.0,0.5,0.6352837659480862,0.8337874659400545
0.4545454545454545,0.16666666666666669,0.0,1.0,0.44566652001759793,0.10626702997275204
0.4545454545454545,0.2,0.0,0.0,0.3853937527496701,0.08719346049046321
0.4545454545454545,0.2,0.0,0.16666666666666666,0.7105147382314123,0.2098092643051771
0.4545454545454545,0.2,0.0,0.6666666666666666,0.5904091509018918,0.45776566757493187
0.4545454545454545,0.23333333333333334,0.0,0.16666666666666666,0.37307523097228334,0.08719346049046321
0.4545454545454545,0.23333333333333334,0.0,0.3333333333333333,0.7021557413110427,0.659400544959128
0.4545454545454545,0.23333333333333334,0.0,0.8333333333333333,0.6832380114386274,0.22343324250681199
0.4545454545454545,0.23333333333333334,0.0,1.0,0.7668279806423229,0.20435967302452315
0.4545454545454545,0.26666666666666666,0.0,0.3333333333333333,0.40739111306643205,0.09536784741144413
0.4545454545454545,0.26666666666666666,0.0,0.5,0.6849978002639684,0.3787465940054496
0.4545454545454545,0.26666666666666666,0.0,1.0,0.6761988561372636,0.17166212534059944
0.4545454545454545,0.3,0.0,0.0,0.5666520017597889,0.13896457765667575
0.4545454545454545,0.3,0.0,0.5,0.4443466783985922,0.10354223433242507
0.4545454545454545,0.3,0.0,0.6666666666666666,0.7201935767707875,0.5831062670299727
0.4545454545454545,0.3333333333333333,0.0,0.16666666666666666,0.5112186537615486,0.30517711171662126
0.4545454545454545,0.3333333333333333,0.0,0.6666666666666666,0.508139023317202,0.12534059945504086
0.4545454545454545,0.3333333333333333,0.0,0.8333333333333333,0.500659920809503,0.17801998183469572
0.4545454545454545,0.3666666666666667,0.0,0.3333333333333333,0.5648922129344479,0.6920980926430518
0.4545454545454545,0.3666666666666667,0.0,0.5,0.5120985481742192,0.667574931880109
0.4545454545454545,0.3666666666666667,0.0,0.8333333333333333,0.5204575450945886,0.1335149863760218
0.4545454545454545,0.3666666666666667,0.0,1.0,0.7668279806423229,0.23433242506811988
0.4545454545454545,0.4,0.0,0.0,0.6027276726792785,0.15258855585831063
0.4545454545454545,0.4,0.0,0.5,0.5222173339199296,0.8310626702997275
0.4545454545454545,0.4,0.0,0.6666666666666666,0.5406951165860098,0.6866485013623977
0.4545454545454545,0.4,0.0,1.0,0.5310162780466344,0.1335149863760218
0.4545454545454545,0.43333333333333335,0.0,0.0,0.4390673119225693,0.10626702997275204
0.4545454545454545,0.43333333333333335,0.0,0.6666666666666666,0.6234051913770348,0.670299727520436
0.4545454545454545,0.43333333333333335,0.0,0.8333333333333333,0.6924769027716674,0.19073569482288827
0.4545454545454545,0.4666666666666667,0.0,0.16666666666666666,0.4276286845578531,0.10081743869209808
0.4545454545454545,0.4666666666666667,0.0,0.8333333333333333,0.5406951165860098,0.23978201634877383
0.4545454545454545,0.4666666666666667,0.0,1.0,0.6612406511218655,0.21798365122615804
0.4545454545454545,0.5,0.0,0.0,0.5389353277606688,0.1444141689373297
0.4545454545454545,0.5,0.0,0.3333333333333333,0.4676638803343599,0.11171662125340599
0.4545454545454545,0.5333333333333333,0.0,0.16666666666666666,0.5459744830620326,0.2997275204359673
0.4545454545454545,0.5333333333333333,0.0,0.6666666666666666,0.7743070831500221,0.35967302452316074
0.4545454545454545,0.5666666666666667,0.0,0.3333333333333333,0.5552133743950727,0.5667574931880108
0.4545454545454545,0.5666666666666667,0.0,0.8333333333333333,0.568851737791465,0.4250681198910082
0.4545454545454545,0.6,0.0,0.8333333333333333,0.5266168059832821,0.12806539509536785
0.4545454545454545,0.6333333333333333,0.0,0.0,0.5754509458864937,0.1444141689373297
0.4545454545454545,0.6333333333333333,0.0,0.5,0.5266168059832821,0.5313351498637602
0.4545454545454545,0.6333333333333333,0.0,0.6666666666666666,0.5662120545534536,0.5068119891008174
0.4545454545454545,0.6666666666666666,0.0,0.0,0.38803343598768153,0.08991825613079019
0.4545454545454545,0.6666666666666666,0.0,0.16666666666666666,0.6810382754069512,0.22615803814713895
0.4545454545454545,0.6666666666666666,0.0,0.6666666666666666,0.5112186537615486,0.5395095367847411
0.4545454545454545,0.6666666666666666,0.0,0.8333333333333333,0.6968763748350199,0.28065395095367845
0.4545454545454545,0.7,0.0,0.16666666666666666,0.3955125384953806,0.09536784741144413
0.4545454545454545,0.7,0.0,0.3333333333333333,0.6889573251209855,0.47411444141689374
0.4545454545454545,0.7,0.0,0.8333333333333333,0.5728112626484823,0.21525885558583105
0.4545454545454545,0.7,0.0,1.0,0.7241531016278047,0.19073569482288827
0.4545454545454545,0.7333333333333333,0.0,0.0,0.5512538495380555,0.13623978201634876
0.4545454545454545,0.7333333333333333,0.0,0.3333333333333333,0.3990321161460625,0.08991825613079019
0.4545454545454545,0.7333333333333333,0.0,0.5,0.5534535855697317,0.7193460490463215
0.4545454545454545,0.7333333333333333,0.0,1.0,0.004839419269687638,0.0
0.4545454545454545,0.7666666666666667,0.0,0.0,0.5019797624285086,0.12261580381471389
0.4545454545454545,0.7666666666666667,0.0,0.16666666666666666,0.5868895732512099,0.23433242506811988
0.4545454545454545,0.7666666666666667,0.0,0.5,0.4197096348438188,0.09809264305177111
0.4545454545454545,0.7666666666666667,0.0,0.6666666666666666,0.7584689837219534,0.5395095367847411
0.4545454545454545,0.8,0.0,0.16666666666666666,0.46546414430268374,0.5994550408719346
0.4545454545454545,0.8,0.0,0.3333333333333333,0.6132864056313243,0.6376021798365122
0.4545454545454545,0.8,0.0,0.6666666666666666,0.4676638803343599,0.11444141689373297
0.4545454545454545,0.8333333333333334,0.0,0.3333333333333333,0.5754509458864937,0.7302452316076294
0.4545454545454545,0.8333333333333334,0.0,0.5,0.6251649802023758,0.3405994550408719
0.4545454545454545,0.8333333333333334,0.0,0.8333333333333333,0.443906731192257,0.10081743869209808
0.4545454545454545,0.8666666666666667,0.0,0.0,0.4302683677958645,0.14532243415077203
0.4545454545454545,0.8666666666666667,0.0,0.5,0.40827100747910255,0.32697547683923706
0.4545454545454545,0.8666666666666667,0.0,0.6666666666666666,0.40167179938407394,0.8474114441416893
0.4545454545454545,0.8666666666666667,0.0,1.0,0.46942366915970085,0.11444141689373297
0.4545454545454545,0.9,0.0,0.0,0.32424109106907173,0.07084468664850135
0.4545454545454545,0.9,0.0,0.16666666666666666,0.6432028156621206,0.35967302452316074
0.4545454545454545,0.9,0.0,0.8333333333333333,0.6330840299164101,0.3433242506811989
0.4545454545454545,0.9333333333333333,0.0,0.16666666666666666,0.4078310602727673,0.09536784741144413
0.4545454545454545,0.9333333333333333,0.0,0.3333333333333333,0.7408710954685438,0.2615803814713896
0.4545454545454545,0.9333333333333333,0.0,0.8333333333333333,0.6616805983282007,0.220708446866485
0.4545454545454545,0.9333333333333333,0.0,1.0,0.7479102507699077,0.20163487738419617
0.4545454545454545,0.9666666666666667,0.0,0.0,0.5116586009678838,0.12806539509536785
0.4545454545454545,0.9666666666666667,0.0,0.3333333333333333,0.4113506379234492,0.09536784741144413
0.4545454545454545,0.9666666666666667,0.0,0.5,0.7734271887373516,0.2125340599455041
0.4545454545454545,0.9666666666666667,0.0,1.0,0.732072151341839,0.19618528610354222
0.5454545454545454,0.0,0.0,0.0,0.5103387593488782,0.11989100817438691
0.5454545454545454,0.0,0.0,0.16666666666666666,0.6264848218213814,0.24523160762942778
0.5454545454545454,0.0,0.0,0.5,0.43686757589089315,0.09809264305177111
0.5454545454545454,0.0,0.0,0.6666666666666666,0.7201935767707875,0.39237057220708443
0.5454545454545454,0.03333333333333333,0.0,0.16666666666666666,0.7131544214694238,0.18528610354223432
0.5454545454545454,0.03333333333333333,0.0,0.3333333333333333,0.6185657721073472,0.42779291553133514
0.5454545454545454,0.03333333333333333,0.0,0.6666666666666666,0.45930488341399034,0.10626702997275204
0.5454545454545454,0.06666666666666668,0.0,0.3333333333333333,0.6621205455345359,0.1771117166212534
0.5454545454545454,0.06666666666666668,0.0,0.5,0.5886493620765508,0.1553133514986376
0.5454545454545454,0.06666666666666668,0.0,0.8333333333333333,0.40167179938407394,0.09264305177111716
0.5454545454545454,0.1,0.0,0.0,0.5873295204575452,0.14713896457765668
0.5454545454545454,0.1,0.0,0.5,0.39815222173339204,0.09536784741144413
0.5454545454545454,0.1,0.0,0.6666666666666666,0.5112186537615486,0.12806539509536785
0.5454545454545454,0.1,0.0,1.0,0.280686317641883,0.06267029972752043
0.5454545454545454,0.13333333333333333,0.0,0.0,0.29652441706995164,0.0653950953678474
0.5454545454545454,0.13333333333333333,0.0,0.16666666666666666,0.4681038275406951,0.11171662125340599
0.5454545454545454,0.13333333333333333,0.0,0.6666666666666666,0.6748790145182578,0.17983651226158037
0.5454545454545454,0.13333333333333333,0.0,0.8333333333333333,0.625604927408711,0.16076294277929154
0.5454545454545454,0.16666666666666669,0.0,0.16666666666666666,0.3660360756709195,0.08446866485013624
0.5454545454545454,0.16666666666666669,0.0,0.3333333333333333,0.6656401231852178,0.1771117166212534
0.5454545454545454,0.16666666666666669,0.0,0.8333333333333333,0.6783985921689397,0.18256130790190736
0.5454545454545454,0.16666666666666669,0.0,1.0,0.7100747910250771,0.19346049046321526
0.5454545454545454,0.2,0.0,0.0,0.5076990761108667,0.12534059945504086
0.5454545454545454,0.2,0.0,0.3333333333333333,0.40211174659040916,0.09264305177111716
0.5454545454545454,0.2,0.0,0.5,0.6520017597888254,0.329700272479564
0.5454545454545454,0.2,0.0,1.0,0.6286845578530577,0.15803814713896458
0.5454545454545454,0.23333333333333334,0.0,0.0,0.548614166300044,0.1335149863760218
0.5454545454545454,0.23333333333333334,0.0,0.16666666666666666,0.561372635283766,0.6103542234332425
0.5454545454545454,0.23333333333333334,0.0,0.5,0.42058952925648924,0.09809264305177111
0.5454545454545454,0.23333333333333334,0.0,0.6666666666666666,0.6880774307083151,0.3760217983651226
0.5454545454545454,0.26666666666666666,0.0,0.16666666666666666,0.0,0.0
0.5454545454545454,0.26666666666666666,0.0,0.3333333333333333,0.603607567091949,0.43869209809264303
0.5454545454545454,0.26666666666666666,0.0,0.6666666666666666,0.4566652001759789,0.10626702997275204
0.5454545454545454,0.26666666666666666,0.0,0.8333333333333333,0.790585129784426,0.24795640326975477
0.5454545454545454,0.3,0.0,0.3333333333333333,0.6172459304883414,0.5177111716621253
0.5454545454545454,0.3,0.0,0.5,0.6520017597888254,0.6866485013623977
0.5454545454545454,0.3,0.0,0.8333333333333333,0.5653321601407831,0.1416893732970027
0.5454545454545454,0.3,0.0,1.0,0.72459304883414,0.2316076294277929
0.5454545454545454,0.3333333333333333,0.0,0.0,0.6792784865816103,0.17438692098092642
0.5454545454545454,0.3333333333333333,0.0,0.5,0.5151781786185659,0.6975476839237057
0.5454545454545454,0.3333333333333333,0.0,0.6666666666666666,0.5288165420149582,0.44686648501362397
0.5454545454545454,0.3333333333333333,0.0,1.0,0.38847338319401675,0.08991825613079019
0.5454545454545454,0.3666666666666667,0.0,0.0,0.35899692036955566,0.08446866485013624
0.5454545454545454,0.3666666666666667,0.0,0.16666666666666666,0.6889573251209855,0.26430517711171664
0.5454545454545454,0.3666666666666667,0.0,0.6666666666666666,0.5591728992520898,0.2779291553133515
0.5454545454545454,0.3666666666666667,0.0,0.8333333333333333,0.7188737351517819,0.21525885558583105
0.5454545454545454,0.4,0.0,0.16666666666666666,0.3519577650681918,0.08174386920980926
0.5454545454545454,0.4,0.0,0.3333333333333333,0.741311042674879,0.3106267029972752
0.5454545454545454,0.4,0.0,0.8333333333333333,0.6761988561372636,0.6348773841961852
0.5454545454545454,0.4,0.0,1.0,0.7690277166739992,0.26430517711171664
0.5454545454545454,0.43333333333333335,0.0,0.0,0.570611526616806,0.1416893732970027
0.5454545454545454,0.43333333333333335,0.0,0.3333333333333333,0.39375274967003965,0.08719346049046321
0.5454545454545454,0.43333333333333335,0.0,0.5,0.655081390233172,0.6839237057220708
0.5454545454545454,0.43333333333333335,0.0,1.0,0.7206335239771228,0.19073569482288827
0.5454545454545454,0.4666666666666667,0.0,0.0,0.5292564892212935,0.12534059945504086
0.5454545454545454,0.4666666666666667,0.0,0.16666666666666666,0.6119665640123185,0.3760217983651226
0.5454545454545454,0.4666666666666667,0.0,0.5,0.4483062032556094,0.10899182561307902
0.5454545454545454,0.4666666666666667,0.0,0.6666666666666666,0.6691597008358997,0.42779291553133514
0.5454545454545454,0.5,0.0,0.16666666666666666,0.581610206775187,0.2615803814713896
0.5454545454545454,0.5,0.0,0.3333333333333333,0.6326440827100749,0.5504087193460491
0.5454545454545454,0.5,0.0,0.6666666666666666,0.4923009238891333,0.11989100817438691
0.5454545454545454,0.5333333333333333,0.0,0.3333333333333333,0.6858776946766388,0.5231607629427792
0.5454545454545454,0.5333333333333333,0.0,0.8333333333333333,0.49714034315882094,0.11716621253405994
0.5454545454545454,0.5333333333333333,0.0,1.0,0.75230972283326,0.20163487738419617
0.5454545454545454,0.5666666666666667,0.0,0.0,0.6436427628684558,0.1662125340599455
0.5454545454545454,0.5666666666666667,0.0,0.5,0.530136383633964,0.7929155313351498
0.5454545454545454,0.5666666666666667,0.0,0.6666666666666666,0.5178178618565773,0.782016348773842
0.5454545454545454,0.5666666666666667,0.0,1.0,0.4474263088429389,0.10626702997275204
0.5454545454545454,0.6,0.0,0.0,0.35767707875054994,0.07629427792915532
0.5454545454545454,0.6,0.0,0.16666666666666666,0.666080070391553,0.2888283378746594
0.5454545454545454,0.6,0.0,0.6666666666666666,0.43950725912890454,0.5803814713896458
0.5454545454545454,0.6,0.0,0.8333333333333333,0.6436427628684558,0.3869209809264305
0.5454545454545454,0.6333333333333333,0.0,0.16666666666666666,0.3853937527496701,0.09264305177111716
0.5454545454545454,0.6333333333333333,0.0,0.3333333333333333,0.691597008358997,0.4305177111716621
0.5454545454545454,0.6333333333333333,0.0,0.8333333333333333,0.7206335239771228,0.1880108991825613
0.5454545454545454,0.6333333333333333,0.0,1.0,0.7659480862296525,0.20708446866485014
0.5454545454545454,0.6666666666666666,0.0,0.0,0.5851297844258689,0.14713896457765668
0.5454545454545454,0.6666666666666666,0.0,0.3333333333333333,0.4139903211614607,0.09536784741144413
0.5454545454545454,0.6666666666666666,0.0,1.0,0.7193136823581171,0.18528610354223432
0.5454545454545454,0.7,0.0,0.0,0.508139023317202,0.12534059945504086
0.5454545454545454,0.7,0.0,0.16666666666666666,0.568851737791465,0.5258855585831063
0.5454545454545454,0.7,0.0,0.6666666666666666,0.8992520897492301,0.18528610354223432
0.5454545454545454,0.7333333333333333,0.0,0.16666666666666666,0.6520017597888254,0.20435967302452315
0.5454545454545454,0.7333333333333333,0.0,0.3333333333333333,0.6643202815662121,0.5013623978201635
0.5454545454545454,0.7333333333333333,0.0,0.6666666666666666,0.5010998680158382,0.11716621253405994
0.5454545454545454,0.7333333333333333,0.0,0.8333333333333333,0.7034755829300484,0.4523160762942779
0.5454545454545454,0.7666666666666667,0.0,0.3333333333333333,0.5552133743950727,0.2779291553133515
0.5454545454545454,0.7666666666666667,0.0,0.5,0.6260448746150462,0.6076294277929155
0.5454545454545454,0.7666666666666667,0.0,0.8333333333333333,0.5340959084909811,0.1307901907356948
0.5454545454545454,0.7666666666666667,0.0,1.0,0.7443906731192257,0.20435967302452315
0.5454545454545454,0.8,0.0,0.0,0.5978882534095908,0.14713896457765668
0.5454545454545454,0.8,0.0,0.5,0.6590409150901892,0.5885558583106267
0.5454545454545454,0.8,0.0,0.6666666666666666,0.6168059832820062,0.5095367847411444
0.5454545454545454,0.8,0.0,1.0,0.4289485261768588,0.12534059945504086
0.5454545454545454,0.8333333333333334,0.0,0.0,0.2960844698636164,0.0653950953678474
0.5454545454545454,0.8333333333333334,0.0,0.16666666666666666,0.6295644522657281,0.15803814713896458
0.5454545454545454,0.8333333333333334,0.0,0.6666666666666666,0.6480422349318082,0.544959128065395
0.5454545454545454,0.8333333333333334,0.0,0.8333333333333333,0.689837219533656,0.18528610354223432
0.5454545454545454,0.8666666666666667,0.0,0.16666666666666666,0.410910690717114,0.09809264305177111
0.5454545454545454,0.8666666666666667,0.0,0.3333333333333333,0.5481742190937088,0.22524977293369663
0.5454545454545454,0.8666666666666667,0.0,0.8333333333333333,0.5244170699516059,0.24250681198910082
0.5454545454545454,0.8666666666666667,0.0,1.0,0.7188737351517819,0.19346049046321526
0.5454545454545454,0.9,0.0,0.3333333333333333,0.453145622525297,0.11444141689373297
0.5454545454545454,0.9,0.0,0.5,0.6322041355037396,0.5013623978201635
0.5454545454545454,0.9,0.0,1.0,0.7712274527056754,0.23978201634877383
0.5454545454545454,0.9333333333333333,0.0,0.0,0.5195776506819182,0.12534059945504086
0.5454545454545454,0.9333333333333333,0.0,0.5,0.5138583369995601,0.12261580381471389
0.5454545454545454,0.9333333333333333,0.0,0.6666666666666666,0.6150461944566652,0.773841961852861
0.5454545454545454,0.9666666666666667,0.0,0.16666666666666666,0.6682798064232293,0.3460490463215259
0.5454545454545454,0.9666666666666667,0.0,0.6666666666666666,0.5424549054113507,0.1307901907356948
0.5454545454545454,0.9666666666666667,0.0,0.8333333333333333,0.6805983282006159,0.21525885558583105
0.5454545454545454,0.9999999999999999,0.0,0.3333333333333333,0.5776506819181698,0.8610354223433242
0.5454545454545454,0.9999999999999999,0.0,0.8333333333333333,0.6110866695996481,0.1553133514986376
0.5454545454545454,0.9999999999999999,0.0,1.0,0.7021557413110427,0.220708446866485
0.6363636363636364,0.0,0.0,0.0,0.5877694676638804,0.14713896457765668
0.6363636363636364,0.0,0.0,0.5,0.443906731192257,0.33060853769300635
0.6363636363636364,0.0,0.0,1.0,0.4967003959524857,0.11989100817438691
0.6363636363636364,0.03333333333333333,0.0,0.0,0.3726352837659481,0.08446866485013624
0.6363636363636364,0.03333333333333333,0.0,0.16666666666666666,0.5684117905851298,0.25885558583106266
0.6363636363636364,0.03333333333333333,0.0,0.6666666666666666,0.5948086229652442,0.7384196185286104
0.6363636363636364,0.03333333333333333,0.0,0.8333333333333333,0.6911570611526617,0.2724795640326975
0.6363636363636364,0.06666666666666668,0.0,0.16666666666666666,0.5230972283326001,0.12806539509536785
0.6363636363636364,0.06666666666666668,0.0,0.3333333333333333,0.7501099868015838,0.19073569482288827
0.6363636363636364,0.06666666666666668,0.0,0.8333333333333333,0.7360316761988562,0.1989100817438692
0.6363636363636364,0.06666666666666668,0.0,1.0,0.8121425428948527,0.22615803814713895
0.6363636363636364,0.1,0.0,0.0,0.5622525296964365,0.1416893732970027
0.6363636363636364,0.1,0.0,0.3333333333333333,0.4355477342718874,0.10354223433242507
0.6363636363636364,0.1,0.0,0.5,0.7113946326440828,0.19073569482288827
0.6363636363636364,0.1,0.0,1.0,0.713594368675759,0.1880108991825613
0.6363636363636364,0.13333333333333333,0.0,0.0,0.5459744830620326,0.13896457765667575
0.6363636363636364,0.13333333333333333,0.0,0.16666666666666666,0.6603607567091949,0.1989100817438692
0.6363636363636364,0.13333333333333333,0.0,0.5,0.5046194456665201,0.12261580381471389
0.6363636363636364,0.16666666666666669,0.0,0.16666666666666666,0.5855697316322042,0.22615803814713895
0.6363636363636364,0.16666666666666669,0.0,0.3333333333333333,0.6427628684557853,0.44959128065395093
0.6363636363636364,0.16666666666666669,0.0,0.6666666666666666,0.5222173339199296,0.12534059945504086
0.6363636363636364,0.2,0.0,0.3333333333333333,0.5644522657281127,0.2354223433242507
0.6363636363636364,0.2,0.0,0.5,0.6137263528376595,0.6185286103542235
0.6363636363636364,0.2,0.0,0.8333333333333333,0.5481742190937088,0.1335149863760218
0.6363636363636364,0.23333333333333334,0.0,0.5,0.5010998680158382,0.7166212534059945
0.6363636363636364,0.23333333333333334,0.0,0.6666666666666666,0.6361636603607568,0.329700272479564
0.6363636363636364,0.23333333333333334,0.0,1.0,0.49890013198416194,0.12534059945504086
0.6363636363636364,0.26666666666666666,0.0,0.0,0.37307523097228334,0.08719346049046321
0.6363636363636364,0.26666666666666666,0.0,0.6666666666666666,0.7311922569291686,0.38419618528610355
0.6363636363636364,0.26666666666666666,0.0,0.8333333333333333,0.6313242410910691,0.3623978201634877
0.6363636363636364,0.3,0.0,0.16666666666666666,0.38319401671799386,0.09264305177111716
0.6363636363636364,0.3,0.0,0.8333333333333333,0.7571491421029477,0.2561307901907357
0.6363636363636364,0.3,0.0,1.0,0.790585129784426,0.220708446866485
0.6363636363636364,0.3333333333333333,0.0,0.0,0.5147382314122305,0.12806539509536785
0.6363636363636364,0.3333333333333333,0.0,0.3333333333333333,0.4707435107787066,0.11716621253405994
0.6363636363636364,0.3333333333333333,0.0,1.0,0.5591728992520898,0.5286103542234333
0.6363636363636364,0.3666666666666667,0.0,0.0,0.4527056753189618,0.10899182561307902
0.6363636363636364,0.3666666666666667,0.0,0.16666666666666666,0.5107787065552134,0.40599455040871935
0.6363636363636364,0.3666666666666667,0.0,0.5,0.4909810822701276,0.11716621253405994
0.6363636363636364,0.3666666666666667,0.0,0.6666666666666666,0.7452705675318962,0.2098092643051771
0.6363636363636364,0.4,0.0,0.3333333333333333,0.4896612406511219,0.6457765667574932
0.6363636363636364,0.4,0.0,0.6666666666666666,0.5389353277606688,0.13623978201634876
0.6363636363636364,0.4,0.0,0.8333333333333333,0.779586449626045,0.2098092643051771
0.6363636363636364,0.43333333333333335,0.0,0.5,0.5710514738231413,0.6811989100817438
0.6363636363636364,0.43333333333333335,0.0,0.8333333333333333,0.5921689397272327,0.14713896457765668
0.6363636363636364,0.43333333333333335,0.0,1.0,0.6968763748350199,0.18256130790190736
0.6363636363636364,0.4666666666666667,0.0,0.0,0.40255169379674444,0.09264305177111716
0.6363636363636364,0.4666666666666667,0.0,0.6666666666666666,0.6396832380114387,0.7629427792915531
0.6363636363636364,0.4666666666666667,0.0,1.0,0.5428948526176859,0.13623978201634876
0.6363636363636364,0.5,0.0,0.16666666666666666,0.7017157941047075,0.19073569482288827
0.6363636363636364,0.5,0.0,0.8333333333333333,0.6814782226132865,0.3869209809264305
0.6363636363636364,0.5333333333333333,0.0,0.3333333333333333,0.6867575890893093,0.18256130790190736
0.6363636363636364,0.5666666666666667,0.0,0.3333333333333333,0.49890013198416194,0.11989100817438691
0.6363636363636364,0.6,0.0,0.16666666666666666,0.5794104707435108,0.22615803814713895
0.6363636363636364,0.6,0.0,0.6666666666666666,0.6700395952485703,0.2997275204359673
0.6363636363636364,0.6,0.0,1.0,0.6093268807743071,0.1553133514986376
0.6363636363636364,0.6333333333333333,0.0,0.0,0.473383194016718,0.11444141689373297
0.6363636363636364,0.6333333333333333,0.0,0.3333333333333333,0.3611966564012319,0.5967302452316076
0.6363636363636364,0.6666666666666666,0.0,0.16666666666666666,0.5750109986801584,0.1444141689373297
0.6363636363636364,0.7,0.0,0.0,0.607127144742631,0.1553133514986376
0.6363636363636364,0.7,0.0,0.3333333333333333,0.5648922129344479,0.46866485013623976
0.6363636363636364,0.7,0.0,0.6666666666666666,0.6198856137263529,0.659400544959128
0.6363636363636364,0.7,0.0,1.0,0.5587329520457546,0.1416893732970027
0.6363636363636364,0.7333333333333333,0.0,0.0,0.4210294764628245,0.09536784741144413
0.6363636363636364,0.7333333333333333,0.0,0.16666666666666666,0.6357237131544216,0.16893732970027248
0.6363636363636364,0.7333333333333333,0.0,0.5,0.40695116586009683,0.8228882833787465
0.6363636363636364,0.7333333333333333,0.0,0.8333333333333333,0.6682798064232293,0.23705722070844687
0.6363636363636364,0.7666666666666667,0.0,0.16666666666666666,0.48570171579410476,0.11716621253405994
0.6363636363636364,0.7666666666666667,0.0,0.3333333333333333,0.667839859216894,0.18256130790190736
0.6363636363636364,0.7666666666666667,0.0,0.6666666666666666,0.508139023317202,0.43869209809264303
0.6363636363636364,0.7666666666666667,0.0,1.0,0.7162340519137704,0.33787465940054495
0.6363636363636364,0.8,0.0,0.0,0.528376594808623,0.1307901907356948
0.6363636363636364,0.8,0.0,0.3333333333333333,0.5261768587769468,0.1335149863760218
0.6363636363636364,0.8,0.0,0.8333333333333333,0.5164980202375715,0.12261580381471389
0.6363636363636364,0.8333333333333334,0.0,0.16666666666666666,0.6075670919489662,0.1880108991825613
0.6363636363636364,0.8333333333333334,0.0,0.5,0.6335239771227453,0.1662125340599455
0.6363636363636364,0.8333333333333334,0.0,1.0,0.3515178178618566,0.09264305177111716
0.6363636363636364,0.8666666666666667,0.0,0.0,0.26220853497580293,0.06267029972752043
0.6363636363636364,0.8666666666666667,0.0,0.3333333333333333,0.572371315442147,0.664850136239782
0.6363636363636364,0.8666666666666667,0.0,0.6666666666666666,0.6827980642322922,0.1880108991825613
0.6363636363636364,0.8666666666666667,0.0,0.8333333333333333,0.7919049714034316,0.2125340599455041
0.6363636363636364,0.9,0.0,0.16666666666666666,0.5468543774747031,0.13896457765667575
0.6363636363636364,0.9,0.0,0.5,0.6154861416630005,0.47411444141689374
0.6363636363636364,0.9,0.0,0.8333333333333333,0.5838099428068633,0.14986376021798364
0.6363636363636364,0.9,0.0,1.0,0.6471623405191378,0.1771117166212534
0.6363636363636364,0.9333333333333333,0.0,0.0,0.5310162780466344,0.1307901907356948
0.6363636363636364,0.9333333333333333,0.0,0.3333333333333333,0.5494940607127146,0.28065395095367845
0.6363636363636364,0.9333333333333333,0.0,0.6666666666666666,0.5802903651561813,0.2833787465940054
0.6363636363636364,0.9333333333333333,0.0,1.0,0.5530136383633965,0.1416893732970027
0.6363636363636364,0.9666666666666667,0.0,0.0,0.5389353277606688,0.10463215258855585
0.6363636363636364,0.9666666666666667,0.0,0.16666666666666666,0.528376594808623,0.13623978201634876
0.6363636363636364,0.9666666666666667,0.0,0.5,0.5780906291245052,0.2997275204359673
0.6363636363636364,0.9666666666666667,0.0,0.8333333333333333,0.7391113066432029,0.2125340599455041
0.6363636363636364,0.9999999999999999,0.0,0.16666666666666666,0.4474263088429389,0.10626702997275204
0.6363636363636364,0.9999999999999999,0.0,0.3333333333333333,0.61460624725033,0.15803814713896458
0.6363636363636364,0.9999999999999999,0.0,0.6666666666666666,0.5244170699516059,0.13623978201634876
0.6363636363636364,0.9999999999999999,0.0,1.0,0.7237131544214694,0.19618528610354222
0.7272727272727273,0.0,0.0,0.0,0.6269247690277168,0.16348773841961853
0.7272727272727273,0.0,0.0,0.3333333333333333,0.4826220853497581,0.11444141689373297
0.7272727272727273,0.0,0.0,0.5,0.6005279366476023,0.28065395095367845
0.7272727272727273,0.0,0.0,0.8333333333333333,0.5794104707435108,0.14986376021798364
0.7272727272727273,0.03333333333333333,0.0,0.16666666666666666,0.45050593928728555,0.11171662125340599
0.7272727272727273,0.03333333333333333,0.0,0.5,0.5670919489661241,0.13623978201634876
0.7272727272727273,0.03333333333333333,0.0,0.6666666666666666,0.7144742630884294,0.40326975476839233
0.7272727272727273,0.03333333333333333,0.0,1.0,0.5085789705235372,0.11989100817438691
0.7272727272727273,0.06666666666666668,0.0,0.0,0.5129784425868896,0.11989100817438691
0.7272727272727273,0.06666666666666668,0.0,0.3333333333333333,0.6203255609326881,0.28610354223433243
0.7272727272727273,0.06666666666666668,0.0,0.6666666666666666,0.5534535855697317,0.13896457765667575
0.7272727272727273,0.06666666666666668,0.0,0.8333333333333333,0.7496700395952486,0.21525885558583105
0.7272727272727273,0.1,0.0,0.16666666666666666,0.37439507259128907,0.08446866485013624
0.7272727272727273,0.1,0.0,0.5,0.6682798064232293,0.2970027247956403
0.7272727272727273,0.1,0.0,0.8333333333333333,0.5776506819181698,0.1444141689373297
0.7272727272727273,0.1,0.0,1.0,0.700835899692037,0.1880108991825613
0.7272727272727273,0.13333333333333333,0.0,0.0,0.6432028156621206,0.17166212534059944
0.7272727272727273,0.13333333333333333,0.0,0.3333333333333333,0.5657721073471184,0.1416893732970027
0.7272727272727273,0.13333333333333333,0.0,0.6666666666666666,0.46370435547734273,0.5967302452316076
0.7272727272727273,0.13333333333333333,0.0,1.0,0.6075670919489662,0.1553133514986376
0.7272727272727273,0.16666666666666669,0.0,0.0,0.5028596568411791,0.12806539509536785
0.7272727272727273,0.16666666666666669,0.0,0.16666666666666666,0.4518257809062913,0.10354223433242507
0.7272727272727273,0.16666666666666669,0.0,0.5,0.49714034315882094,0.1416893732970027
0.7272727272727273,0.16666666666666669,0.0,0.8333333333333333,0.5415750109986802,0.6948228882833787
0.7272727272727273,0.2,0.0,0.16666666666666666,0.4104707435107787,0.09809264305177111
0.7272727272727273,0.2,0.0,0.3333333333333333,0.6911570611526617,0.18528610354223432
0.7272727272727273,0.2,0.0,0.6666666666666666,0.5477342718873736,0.19346049046321526
0.7272727272727273,0.2,0.0,0.8333333333333333,0.6410030796304443,0.24523160762942778
0.7272727272727273,0.2,0.0,1.0,0.7144742630884294,0.20163487738419617
0.7272727272727273,0.23333333333333334,0.0,0.0,0.46590409150901896,0.11716621253405994
0.7272727272727273,0.23333333333333334,0.0,0.3333333333333333,0.5226572811262649,0.12534059945504086
0.7272727272727273,0.23333333333333334,0.0,0.8333333333333333,0.5288165420149582,0.44141689373297
0.7272727272727273,0.23333333333333334,0.0,1.0,0.732072151341839,0.19073569482288827
0.7272727272727273,0.26666666666666666,0.0,0.0,0.42718873735151786,0.09809264305177111
0.7272727272727273,0.26666666666666666,0.0,0.16666666666666666,0.388913330400352,0.19618528610354222
0.7272727272727273,0.26666666666666666,0.0,1.0,0.5877694676638804,0.14713896457765668
0.7272727272727273,0.3,0.0,0.0,0.42146942366915974,0.09536784741144413
0.7272727272727273,0.3,0.0,0.16666666666666666,0.5684117905851298,0.44141689373297
0.7272727272727273,0.3,0.0,0.3333333333333333,0.550373955125385,0.5422343324250681
0.7272727272727273,0.3333333333333333,0.0,0.16666666666666666,0.5235371755389354,0.1307901907356948
0.7272727272727273,0.3333333333333333,0.0,0.5,0.5882094148702156,0.42779291553133514
0.7272727272727273,0.3666666666666667,0.0,0.3333333333333333,0.5248570171579411,0.5095367847411444
0.7272727272727273,0.3666666666666667,0.0,0.6666666666666666,0.6150461944566652,0.5940054495912807
0.7272727272727273,0.3666666666666667,0.0,1.0,0.6621205455345359,0.17438692098092642
0.7272727272727273,0.4,0.0,0.0,0.39727232732072154,0.09536784741144413
0.7272727272727273,0.4,0.0,0.5,0.5068191816981963,0.21525885558583105
0.7272727272727273,0.4,0.0,0.8333333333333333,0.5622525296964365,0.4604904632152588
0.7272727272727273,0.43333333333333335,0.0,0.16666666666666666,0.5063792344918611,0.11989100817438691
0.7272727272727273,0.43333333333333335,0.0,0.6666666666666666,0.5138583369995601,0.5013623978201635
0.7272727272727273,0.43333333333333335,0.0,1.0,0.6388033435987682,0.2970027247956403
0.7272727272727273,0.4666666666666667,0.0,0.0,0.5310162780466344,0.1335149863760218
0.7272727272727273,0.4666666666666667,0.0,0.8333333333333333,0.6300043994720634,0.1662125340599455
0.7272727272727273,0.5,0.0,0.0,0.49450065992080955,0.11989100817438691
0.7272727272727273,0.5,0.0,0.16666666666666666,0.5340959084909811,0.41144414168937327
0.7272727272727273,0.5333333333333333,0.0,0.16666666666666666,0.6999560052793665,0.24523160762942778
0.7272727272727273,0.5333333333333333,0.0,0.3333333333333333,0.6748790145182578,0.2561307901907357
0.7272727272727273,0.5666666666666667,0.0,0.3333333333333333,0.6203255609326881,0.6730245231607629
0.7272727272727273,0.6,0.0,0.3333333333333333,0.3955125384953806,0.20708446866485014
0.7272727272727273,0.6,0.0,0.5,0.5736911570611527,0.6757493188010899
0.7272727272727273,0.6333333333333333,0.0,0.5,0.607127144742631,0.6267029972752043
0.7272727272727273,0.6333333333333333,0.0,0.6666666666666666,0.4575450945886494,0.7929155313351498
0.7272727272727273,0.6666666666666666,0.0,0.6666666666666666,0.6871975362956446,0.2970027247956403
0.7272727272727273,0.6666666666666666,0.0,0.8333333333333333,0.638363396392433,0.34877384196185285
0.7272727272727273,0.6666666666666666,0.0,1.0,0.7809062912450506,0.24250681198910082
0.7272727272727273,0.7,0.0,0.0,0.49494060712714477,0.12534059945504086
0.7272727272727273,0.7,0.0,0.8333333333333333,0.6779586449626045,0.46866485013623976
0.7272727272727273,0.7,0.0,1.0,0.6392432908051034,0.20708446866485014
0.7272727272727273,0.7333333333333333,0.0,0.0,0.5195776506819182,0.12806539509536785
0.7272727272727273,0.7333333333333333,0.0,0.16666666666666666,0.6062472503299604,0.3787465940054496
0.7272727272727273,0.7333333333333333,0.0,1.0,0.6102067751869776,0.23978201634877383
0.7272727272727273,0.7666666666666667,0.0,0.0,0.579850417949846,0.14713896457765668
0.7272727272727273,0.7666666666666667,0.0,0.16666666666666666,0.6937967443906732,0.2098092643051771
0.7272727272727273,0.7666666666666667,0.0,0.3333333333333333,0.6102067751869776,0.30517711171662126
0.7272727272727273,0.8,0.0,0.16666666666666666,0.33963924329080514,0.29427792915531337
0.7272727272727273,0.8,0.0,0.3333333333333333,0.6511218653761549,0.49046321525885556
0.7272727272727273,0.8,0.0,0.5,0.5886493620765508,0.39509536784741145
0.7272727272727273,0.8333333333333334,0.0,0.3333333333333333,0.48438187417509904,0.42779291553133514
0.7272727272727273,0.8333333333333334,0.0,0.5,0.5499340079190498,0.7138964577656676
0.7272727272727273,0.8333333333333334,0.0,0.6666666666666666,0.702595688517378,0.20435967302452315
0.7272727272727273,0.8666666666666667,0.0,0.5,0.5965684117905852,0.5367847411444141
0.7272727272727273,0.8666666666666667,0.0,0.6666666666666666,0.5877694676638804,0.9754768392370572
0.7272727272727273,0.8666666666666667,0.0,0.8333333333333333,0.7087549494060713,0.4550408719346049
0.7272727272727273,0.9,0.0,0.6666666666666666,0.6220853497580291,0.5858310626702997
0.7272727272727273,0.9,0.0,0.8333333333333333,0.7369115706115267,0.3079019073569482
0.7272727272727273,0.9,0.0,1.0,0.8064232292124945,0.332425068119891
0.7272727272727273,0.9333333333333333,0.0,0.0,0.5116586009678838,0.12534059945504086
0.7272727272727273,0.9333333333333333,0.0,0.8333333333333333,0.561372635283766,0.25885558583106266
0.7272727272727273,0.9333333333333333,0.0,1.0,0.5398152221733392,0.444141689373297
0.7272727272727273,0.9666666666666667,0.0,0.0,0.5508139023317202,0.1444141689373297
0.7272727272727273,0.9666666666666667,0.0,0.16666666666666666,0.655081390233172,0.22615803814713895
0.7272727272727273,0.9666666666666667,0.0,1.0,0.7175538935327761,0.3188010899182561
0.8181818181818182,0.0,0.0,0.0,0.5679718433787946,0.14713896457765668
0.8181818181818182,0.0,0.0,0.16666666666666666,0.6748790145182578,0.20435967302452315
0.8181818181818182,0.0,0.0,0.3333333333333333,0.5574131104267488,0.2997275204359673
0.8181818181818182,0.03333333333333333,0.0,0.16666666666666666,0.5134183897932248,0.2098092643051771
0.8181818181818182,0.03333333333333333,0.0,0.3333333333333333,0.39419269687637487,0.3079019073569482
0.8181818181818182,0.03333333333333333,0.0,0.5,0.6374835019797624,0.4768392370572207
0.8181818181818182,0.06666666666666668,0.0,0.3333333333333333,0.4241091069071712,0.4713896457765667
0.8181818181818182,0.06666666666666668,0.0,0.5,0.5222173339199296,0.547683923705722
0.8181818181818182,0.06666666666666668,0.0,0.6666666666666666,0.6159260888693358,0.48501362397820164
0.8181818181818182,0.1,0.0,0.5,0.500659920809503,0.8419618528610354
0.8181818181818182,0.1,0.0,0.6666666666666666,0.5842498900131985,0.8256130790190735
0.8181818181818182,0.1,0.0,0.8333333333333333,0.5838099428068633,0.7002724795640327
0.8181818181818182,0.13333333333333333,0.0,0.6666666666666666,0.5032996040475143,0.9782016348773842
0.8181818181818182,0.13333333333333333,0.0,0.8333333333333333,0.6528816542014959,0.4141689373297003
0.8181818181818182,0.13333333333333333,0.0,1.0,0.6462824461064672,0.19346049046321526
0.8181818181818182,0.16666666666666669,0.0,0.0,0.6502419709634845,0.19618528610354222
0.8181818181818182,0.16666666666666669,0.0,0.8333333333333333,0.6278046634403872,0.8038147138964578
0.8181818181818182,0.16666666666666669,0.0,1.0,0.6410030796304443,0.2506811989100817
0.8181818181818182,0.2,0.0,0.0,0.5719313682358117,0.15258855585831063
0.8181818181818182,0.2,0.0,1.0,0.638363396392433,0.17438692098092642
0.8181818181818182,0.23333333333333334,0.0,0.0,0.5367355917289925,0.14713896457765668
0.8181818181818182,0.23333333333333334,0.0,0.16666666666666666,0.6445226572811263,0.20435967302452315
0.8181818181818182,0.26666666666666666,0.0,0.16666666666666666,0.5930488341399033,0.19073569482288827
0.8181818181818182,0.26666666666666666,0.0,0.3333333333333333,0.572371315442147,0.1989100817438692
0.8181818181818182,0.3,0.0,0.3333333333333333,0.6590409150901892,0.3188010899182561
0.8181818181818182,0.3,0.0,0.5,0.5420149582050154,0.5749318801089918
0.8181818181818182,0.3333333333333333,0.0,0.5,0.6673999120105588,0.5749318801089918
0.8181818181818182,0.3333333333333333,0.0,0.6666666666666666,0.5829300483941927,0.5258855585831063
0.8181818181818182,0.3666666666666667,0.0,0.6666666666666666,0.5574131104267488,0.8446866485013623
0.8181818181818182,0.3666666666666667,0.0,0.8333333333333333,0.46898372195336563,0.8555858310626703
0.8181818181818182,0.4,0.0,0.8333333333333333,0.6242850857897053,0.7901907356948229
0.8181818181818182,0.4,0.0,1.0,0.722833260008799,0.220708446866485
0.8181818181818182,0.43333333333333335,0.0,0.0,0.5591728992520898,0.15258855585831063
0.8181818181818182,0.43333333333333335,0.0,1.0,0.6638803343598768,0.19346049046321526
0.8181818181818182,0.4666666666666667,0.0,0.0,0.5622525296964365,0.1553133514986376
0.8181818181818182,0.4666666666666667,0.0,0.16666666666666666,0.5899692036955566,0.27520435967302453
0.8181818181818182,0.4666666666666667,0.0,0.3333333333333333,0.6902771667399913,0.29427792915531337
0.8181818181818182,0.5,0.0,0.16666666666666666,0.6229652441706995,0.17166212534059944
0.8181818181818182,0.5,0.0,0.3333333333333333,0.5772107347118346,0.22343324250681199
0.8181818181818182,0.5333333333333333,0.0,0.3333333333333333,0.6159260888693358,0.19073569482288827
0.8181818181818182,0.5333333333333333,0.0,0.5,0.4667839859216894,0.7901907356948229
0.8181818181818182,0.5666666666666667,0.0,0.5,0.6414430268367797,0.2615803814713896
0.8181818181818182,0.5666666666666667,0.0,0.6666666666666666,0.6594808622965245,0.2125340599455041
0.8181818181818182,0.5666666666666667,0.0,0.8333333333333333,0.6964364276286846,0.22888283378746593
0.8181818181818182,0.6,0.0,0.6666666666666666,0.7171139463264409,0.2534059945504087
0.8181818181818182,0.6,0.0,0.8333333333333333,0.6124065112186537,0.1662125340599455
0.8181818181818182,0.6,0.0,1.0,1.0,0.24414168937329697
0.8181818181818182,0.6333333333333333,0.0,0.0,0.6084469863616366,0.15803814713896458
0.8181818181818182,0.6333333333333333,0.0,0.8333333333333333,0.607127144742631,0.21798365122615804
0.8181818181818182,0.6333333333333333,0.0,1.0,0.6572811262648482,0.17166212534059944
0.8181818181818182,0.6666666666666666,0.0,0.0,0.5552133743950727,0.1416893732970027
0.8181818181818182,0.6666666666666666,0.0,0.16666666666666666,0.49934007919049717,0.4931880108991825
0.8181818181818182,0.6666666666666666,0.0,1.0,0.5904091509018918,0.22888283378746593
0.8181818181818182,0.7,0.0,0.0,0.5640123185217775,0.13623978201634876
0.8181818181818182,0.7,0.0,0.16666666666666666,0.666080070391553,0.18256130790190736
0.8181818181818182,0.7333333333333333,0.0,0.16666666666666666,0.6876374835019798,0.220708446866485
0.8181818181818182,0.7333333333333333,0.0,0.5,0.6304443466783987,0.2506811989100817
0.8181818181818182,0.7666666666666667,0.0,0.3333333333333333,0.6410030796304443,0.3242506811989101
0.8181818181818182,0.7666666666666667,0.0,0.6666666666666666,0.5063792344918611,0.7683923705722071
0.8181818181818182,0.8,0.0,0.5,0.49450065992080955,0.7929155313351498
0.8181818181818182,0.8,0.0,0.6666666666666666,0.581610206775187,0.7874659400544959
0.8181818181818182,0.8,0.0,0.8333333333333333,0.6603607567091949,0.4087193460490463
0.8181818181818182,0.8333333333333334,0.0,0.6666666666666666,0.43730752309722837,1.0
0.8181818181818182,0.8333333333333334,0.0,0.8333333333333333,0.6893972723273207,0.25885558583106266
0.8181818181818182,0.8333333333333334,0.0,1.0,0.7646282446106468,0.24523160762942778
0.8181818181818182,0.8666666666666667,0.0,0.0,0.5895292564892214,0.14713896457765668
0.8181818181818182,0.8666666666666667,0.0,0.8333333333333333,0.590849098108227,0.544959128065395
0.8181818181818182,0.8666666666666667,0.0,1.0,0.7985041794984602,0.332425068119891
0.8181818181818182,0.9,0.0,0.0,0.5679718433787946,0.14986376021798364
0.8181818181818182,0.9,0.0,0.16666666666666666,0.5996480422349318,0.4305177111716621
0.8181818181818182,0.9,0.0,1.0,0.658600967883854,0.17438692098092642
0.8181818181818182,0.9333333333333333,0.0,0.0,0.579850417949846,0.14713896457765668
0.8181818181818182,0.9333333333333333,0.0,0.16666666666666666,0.6577210734711835,0.24250681198910082
0.8181818181818182,0.9333333333333333,0.0,0.3333333333333333,0.5310162780466344,0.7874659400544959
0.8181818181818182,0.9666666666666667,0.0,0.16666666666666666,0.6647602287725474,0.23978201634877383
0.8181818181818182,0.9666666666666667,0.0,0.3333333333333333,0.5697316322041356,0.5258855585831063
0.8181818181818182,0.9666666666666667,0.0,0.5,0.5996480422349318,0.3678474114441417
0.8181818181818182,0.9999999999999999,0.0,0.3333333333333333,0.4597448306203256,0.8446866485013623
0.8181818181818182,0.9999999999999999,0.0,0.5,0.4667839859216894,0.17983651226158037
0.8181818181818182,0.9999999999999999,0.0,0.6666666666666666,0.5406951165860098,0.2316076294277929
0.9090909090909091,0.0,0.0,0.6666666666666666,0.5868895732512099,0.8692098092643051
0.9090909090909091,0.0,0.0,0.8333333333333333,0.6603607567091949,0.19618528610354222
0.9090909090909091,0.03333333333333333,0.0,0.6666666666666666,0.5019797624285086,0.8610354223433242
0.9090909090909091,0.03333333333333333,0.0,0.8333333333333333,0.6625604927408711,0.3405994550408719
0.9090909090909091,0.03333333333333333,0.0,1.0,0.777826660800704,0.21798365122615804
0.9090909090909091,0.06666666666666668,0.0,0.0,0.5367355917289925,0.13896457765667575
0.9090909090909091,0.06666666666666668,0.0,0.8333333333333333,0.5948086229652442,0.6130790190735694
0.9090909090909091,0.06666666666666668,0.0,1.0,0.6445226572811263,0.1771117166212534
0.9090909090909091,0.1,0.0,0.0,0.5653321601407831,0.14713896457765668
0.9090909090909091,0.1,0.0,1.0,0.5926088869335681,0.22888283378746593
0.9090909090909091,0.13333333333333333,0.0,0.16666666666666666,0.5851297844258689,0.44686648501362397
0.9090909090909091,0.16666666666666669,0.0,0.3333333333333333,0.6066871975362957,0.5940054495912807
0.9090909090909091,0.16666666666666669,0.0,0.5,0.5970083589969204,0.5340599455040872
0.9090909090909091,0.2,0.0,0.3333333333333333,0.5481742190937088,0.7547683923705721
0.9090909090909091,0.2,0.0,0.5,0.5600527936647602,0.5095367847411444
0.9090909090909091,0.2,0.0,0.6666666666666666,0.6546414430268368,0.38147138964577654
0.9090909090909091,0.23333333333333334,0.0,0.5,0.3418389793224813,0.9455040871934605
0.9090909090909091,0.23333333333333334,0.0,0.6666666666666666,0.5050593928728553,0.88283378746594
0.9090909090909091,0.23333333333333334,0.0,0.8333333333333333,0.6924769027716674,0.3433242506811989
0.9090909090909091,0.26666666666666666,0.0,0.6666666666666666,0.700835899692037,0.6049046321525885
0.9090909090909091,0.26666666666666666,0.0,0.8333333333333333,0.4821821381434228,0.5776566757493188
0.9090909090909091,0.26666666666666666,0.0,1.0,0.6603607567091949,0.1880108991825613
0.9090909090909091,0.3,0.0,0.0,0.6000879894412671,0.1553133514986376
0.9090909090909091,0.3,0.0,0.8333333333333333,0.5917289925208975,0.2506811989100817
0.9090909090909091,0.3,0.0,1.0,0.7954245490541135,0.23433242506811988
0.9090909090909091,0.3333333333333333,0.0,0.0,0.48350197976242854,0.12261580381471389
0.9090909090909091,0.3333333333333333,0.0,0.16666666666666666,0.6625604927408711,0.20708446866485014
0.9090909090909091,0.3333333333333333,0.0,1.0,0.702595688517378,0.20163487738419617
0.9090909090909091,0.3666666666666667,0.0,0.0,0.5305763308402992,0.13896457765667575
0.9090909090909091,0.3666666666666667,0.0,0.16666666666666666,0.6484821821381435,0.1771117166212534
0.9090909090909091,0.3666666666666667,0.0,0.3333333333333333,0.6682798064232293,0.40599455040871935
0.9090909090909091,0.4,0.0,0.16666666666666666,0.5261768587769468,0.7247956403269754
0.9090909090909091,0.4,0.0,0.3333333333333333,0.6625604927408711,0.22343324250681199
0.9090909090909091,0.4,0.0,0.5,0.5257369115706115,0.6267029972752043
0.9090909090909091,0.43333333333333335,0.0,0.3333333333333333,0.49450065992080955,0.7520435967302452
0.9090909090909091,0.43333333333333335,0.0,0.5,0.6361636603607568,0.5122615803814714
0.9090909090909091,0.43333333333333335,0.0,0.6666666666666666,0.647602287725473,0.26975476839237056
0.9090909090909091,0.4666666666666667,0.0,0.5,0.5851297844258689,0.7002724795640327
0.9090909090909091,0.4666666666666667,0.0,0.6666666666666666,0.5640123185217775,0.7629427792915531
0.9090909090909091,0.4666666666666667,0.0,0.8333333333333333,0.5499340079190498,0.3623978201634877
0.9090909090909091,0.5,0.0,0.6666666666666666,0.48570171579410476,0.8474114441416893
0.9090909090909091,0.5,0.0,0.8333333333333333,0.5987681478222614,0.39509536784741145
0.9090909090909091,0.5,0.0,1.0,0.5653321601407831,0.3542234332425068
0.9090909090909091,0.5333333333333333,0.0,0.0,0.6040475142982843,0.17438692098092642
0.9090909090909091,0.5333333333333333,0.0,0.8333333333333333,0.5160580730312363,0.6866485013623977
0.9090909090909091,0.5333333333333333,0.0,1.0,0.8147822261328641,0.28065395095367845
0.9090909090909091,0.5666666666666667,0.0,1.0,0.7558293004839419,0.2125340599455041
0.9090909090909091,0.6,0.0,0.0,0.4826220853497581,0.11989100817438691
0.9090909090909091,0.6333333333333333,0.0,0.16666666666666666,0.62384513858337,0.17166212534059944
0.9090909090909091,0.6666666666666666,0.0,0.3333333333333333,0.4685437747470304,0.5395095367847411
0.9090909090909091,0.7,0.0,0.5,0.4104707435107787,0.09536784741144413
0.9090909090909091,0.7333333333333333,0.0,0.6666666666666666,0.21249450065992084,0.04632152588555858
0.9090909090909091,0.7666666666666667,0.0,0.8333333333333333,0.5842498900131985,0.15258855585831063
0.9090909090909091,0.8,0.0,1.0,0.6005279366476023,0.15803814713896458
0.9090909090909091,0.8333333333333334,0.0,0.0,0.46942366915970085,0.12261580381471389
0.9090909090909091,0.8666666666666667,0.0,0.16666666666666666,0.6599208095028597,0.27520435967302453
0.9090909090909091,0.9,0.0,0.3333333333333333,0.3233611966564013,0.19073569482288827
0.9090909090909091,0.9333333333333333,0.0,0.5,0.5728112626484823,0.7547683923705721
0.9090909090909091,0.9666666666666667,0.0,0.6666666666666666,0.5468543774747031,0.8201634877384196
0.9999999999999999,0.0,0.0,0.8333333333333333,0.6621205455345359,0.6757493188010899
0.9999999999999999,0.03333333333333333,0.0,1.0,0.7765068191816983,0.7302452316076294
0.9999999999999999,0.06666666666666668,0.0,0.0,0.5983282006159262,0.1553133514986376
0.9999999999999999,0.1,0.0,0.16666666666666666,0.5626924769027717,0.7956403269754768
0.9999999999999999,0.13333333333333333,0.0,0.3333333333333333,0.4980202375714915,0.8038147138964578
0.9999999999999999,0.16666666666666669,0.0,0.5,0.5384953805543335,0.7465940054495912
0.9999999999999999,0.2,0.0,0.6666666666666666,0.4544654641443027,0.7220708446866485
0.9999999999999999,0.23333333333333334,0.0,0.8333333333333333,0.691597008358997,0.3514986376021798
0.9999999999999999,0.26666666666666666,0.0,1.0,0.754069511658601,0.6457765667574932
0.9999999999999999,0.3,0.0,0.0,0.6194456665200176,0.4359673024523161
0.9999999999999999,0.3,0.0,0.16666666666666666,0.541135063792345,0.7874659400544959
0.9999999999999999,0.3333333333333333,0.0,0.16666666666666666,0.5420149582050154,0.7465940054495912
0.9999999999999999,0.3333333333333333,0.0,0.3333333333333333,0.5015398152221734,0.8147138964577656
0.9999999999999999,0.3666666666666667,0.0,0.3333333333333333,0.5912890453145623,0.8038147138964578
0.9999999999999999,0.3666666666666667,0.0,0.5,0.5415750109986802,0.7656675749318801
0.9999999999999999,0.4,0.0,0.5,0.5970083589969204,0.8174386920980926
0.9999999999999999,0.4,0.0,0.6666666666666666,0.5670919489661241,0.782016348773842
0.9999999999999999,0.43333333333333335,0.0,0.6666666666666666,0.6115266168059833,0.7683923705722071
0.9999999999999999,0.43333333333333335,0.0,0.8333333333333333,0.6827980642322922,0.7765667574931879
0.9999999999999999,0.4666666666666667,0.0,0.8333333333333333,0.5882094148702156,0.7438692098092643
0.9999999999999999,0.4666666666666667,0.0,1.0,0.5420149582050154,0.7847411444141689
0.9999999999999999,0.5,0.0,1.0,0.721073471183458,0.2670299727520436
0.9999999999999999,0.5333333333333333,0.0,0.0,0.6264848218213814,0.17438692098092642
0.9999999999999999,0.5666666666666667,0.0,0.16666666666666666,0.539375274967004,0.773841961852861
0.9999999999999999,0.6,0.0,0.3333333333333333,0.6326440827100749,0.6185286103542235
0.9999999999999999,0.6333333333333333,0.0,0.5,0.36427628684557856,0.6939146230699363
0.9999999999999999,0.6666666666666666,0.0,0.6666666666666666,0.5675318961724594,0.779291553133515
0.9999999999999999,0.7,0.0,0.8333333333333333,0.5508139023317202,0.1444141689373297
0.9999999999999999,0.7,0.0,1.0,0.7325120985481742,0.5013623978201635
0.9999999999999999,0.7333333333333333,0.0,0.0,0.6599208095028597,0.20708446866485014
0.9999999999999999,0.7333333333333333,0.0,1.0,0.6396832380114387,0.18528610354223432
0.9999999999999999,0.9,0.0,0.8333333333333333,0.7157941047074352,0.21798365122615804
0.9999999999999999,0.9333333333333333,0.0,0.8333333333333333,0.6339639243290806,0.17166212534059944
0.9999999999999999,0.9333333333333333,0.0,1.0,0.5886493620765508,0.1553133514986376
0.9999999999999999,0.9666666666666667,0.0,0.0,0.5050593928728553,0.1307901907356948
0.9999999999999999,0.9666666666666667,0.0,1.0,0.6110866695996481,0.16348773841961853
0.9999999999999999,0.9999999999999999,0.0,0.0,0.4478662560492741,0.10899182561307902
0.9999999999999999,0.9999999999999999,0.0,0.16666666666666666,0.5741311042674879,0.14986376021798364
