Volume,Occupancy,Month,Day,Hour,Day of Week
1252,9.333,8,18,12,5
2030,8.7,8,18,13,5
1474,7.625,8,18,14,5
1472,7.625,8,18,15,5
1482,7.5,8,18,16,5
1650,8.5,8,18,17,5
1367,8.75,8,18,18,5
1489,7.625,8,18,19,5
1214,5.875,8,18,20,5
922,4.375,8,18,21,5
579,2.625,8,18,22,5
376,1.75,8,18,23,5
246,0.75,8,19,0,6
154,0.375,8,19,1,6
129,0.0,8,19,2,6
88,0.0,8,19,3,6
48,0.0,8,19,4,6
53,0.0,8,19,5,6
170,0.375,8,19,6,6
317,1.125,8,19,7,6
550,2.5,8,19,8,6
893,3.875,8,19,9,6
1102,5.25,8,19,10,6
1063,5.125,8,19,11,6
1164,5.875,8,19,12,6
1136,5.75,8,19,13,6
1097,5.375,8,19,14,6
1195,6.125,8,19,15,6
1062,5.25,8,19,16,6
1151,5.5,8,19,17,6
1392,7.125,8,19,18,6
1449,7.75,8,19,19,6
1189,6.125,8,19,20,6
901,4.75,8,19,21,6
516,2.25,8,19,22,6
377,1.5,8,19,23,6
301,1.125,8,20,0,6
190,0.625,8,20,1,6
186,0.3,8,20,2,6
104,0.0,8,20,3,6
42,0.0,8,20,4,6
32,0.0,8,20,5,6
91,0.0,8,20,6,6
210,0.625,8,20,7,6
306,1.0,8,20,8,6
509,2.0,8,20,9,6
869,4.0,8,20,10,6
1141,5.625,8,20,11,6
1171,5.75,8,20,12,6
1381,7.625,8,20,13,6
1130,5.5,8,20,14,6
994,4.625,8,20,15,6
920,4.25,8,20,16,6
1027,5.0,8,20,17,6
1083,5.25,8,20,18,6
1060,5.0,8,20,19,6
665,3.0,8,20,20,6
537,2.25,8,20,21,6
323,1.5,8,20,22,6
167,0.375,8,20,23,6
112,0.125,8,21,0,1
49,0.0,8,21,1,1
25,0.0,8,21,2,1
22,0.0,8,21,3,1
29,0.0,8,21,4,1
105,0.125,8,21,5,1
434,1.875,8,21,6,1
1502,8.125,8,21,7,1
983,16.75,8,21,8,1
979,28.875,8,21,9,1
1218,5.75,8,21,10,1
962,4.75,8,21,11,1
1056,5.125,8,21,12,1
1032,5.0,8,21,13,1
988,4.625,8,21,14,1
955,4.375,8,21,15,1
1045,5.0,8,21,16,1
1385,18.0,8,21,17,1
1314,6.625,8,21,18,1
1018,4.5,8,21,19,1
655,2.75,8,21,20,1
479,2.0,8,21,21,1
321,1.125,8,21,22,1
217,0.5,8,21,23,1
94,0.0,8,22,0,2
53,0.0,8,22,1,2
22,0.0,8,22,2,2
21,0.0,8,22,3,2
41,0.0,8,22,4,2
146,0.375,8,22,5,2
552,2.5,8,22,6,2
1372,6.75,8,22,7,2
1536,12.125,8,22,8,2
1378,24.0,8,22,9,2
1297,6.5,8,22,10,2
1108,5.5,8,22,11,2
1071,5.125,8,22,12,2
1076,5.25,8,22,13,2
1238,4.7,8,22,14,2
1002,4.75,8,22,15,2
1040,4.875,8,22,16,2
1384,19.75,8,22,17,2
1291,21.5,8,22,18,2
1512,5.8,8,22,19,2
750,3.0,8,22,20,2
462,1.875,8,22,21,2
360,1.5,8,22,22,2
228,0.75,8,22,23,2
102,0.0,8,23,0,3
69,0.0,8,23,1,3
39,0.0,8,23,2,3
23,0.0,8,23,3,3
37,0.0,8,23,4,3
168,0.375,8,23,5,3
560,2.375,8,23,6,3
1412,7.125,8,23,7,3
1358,16.375,8,23,8,3
1639,22.375,8,23,9,3
1433,7.375,8,23,10,3
1171,5.625,8,23,11,3
1118,5.375,8,23,12,3
1188,5.875,8,23,13,3
1020,4.75,8,23,14,3
1130,5.5,8,23,15,3
1136,5.5,8,23,16,3
1076,31.625,8,23,17,3
932,37.75,8,23,18,3
1293,13.125,8,23,19,3
732,3.25,8,23,20,3
446,1.875,8,23,21,3
295,1.125,8,23,22,3
206,0.5,8,23,23,3
104,0.125,8,24,0,4
49,0.0,8,24,1,4
35,0.0,8,24,2,4
26,0.0,8,24,3,4
38,0.0,8,24,4,4
171,0.375,8,24,5,4
550,2.25,8,24,6,4
1417,7.25,8,24,7,4
1296,14.125,8,24,8,4
1767,9.625,8,24,9,4
1402,6.875,8,24,10,4
1196,6.0,8,24,11,4
1222,6.125,8,24,12,4
1244,6.625,8,24,13,4
1043,5.0,8,24,14,4
1107,5.5,8,24,15,4
1222,5.875,8,24,16,4
1231,26.625,8,24,17,4
1162,20.125,8,24,18,4
1315,7.375,8,24,19,4
820,3.625,8,24,20,4
486,2.0,8,24,21,4
377,1.375,8,24,22,4
236,0.5,8,24,23,4
160,0.375,8,25,0,5
75,0.0,8,25,1,5
49,0.0,8,25,2,5
41,0.0,8,25,3,5
36,0.0,8,25,4,5
143,0.25,8,25,5,5
509,2.125,8,25,6,5
1358,6.75,8,25,7,5
1326,12.625,8,25,8,5
1092,17.875,8,25,9,5
1322,12.0,8,25,10,5
1149,5.375,8,25,11,5
1291,6.25,8,25,12,5
1284,6.25,8,25,13,5
1190,6.125,8,25,14,5
1119,6.75,8,25,15,5
1126,5.5,8,25,16,5
1168,26.5,8,25,17,5
1181,5.625,8,25,18,5
1031,4.75,8,25,19,5
854,4.0,8,25,20,5
603,2.625,8,25,21,5
434,1.75,8,25,22,5
352,1.375,8,25,23,5
214,0.75,8,26,0,6
135,0.0,8,26,1,6
94,0.0,8,26,2,6
61,0.0,8,26,3,6
37,0.0,8,26,4,6
53,0.0,8,26,5,6
98,0.0,8,26,6,6
178,0.625,8,26,7,6
257,1.375,8,26,8,6
378,1.75,8,26,9,6
609,2.75,8,26,10,6
618,2.5,8,26,11,6
721,3.25,8,26,12,6
780,3.625,8,26,13,6
740,4.625,8,26,14,6
659,3.875,8,26,15,6
681,2.875,8,26,16,6
645,3.125,8,26,17,6
806,4.25,8,26,18,6
748,3.5,8,26,19,6
547,3.125,8,26,20,6
318,1.5,8,26,21,6
252,1.0,8,26,22,6
170,0.375,8,26,23,6
194,1.0,8,27,0,6
197,0.75,8,27,1,6
40,0.0,8,27,2,6
46,0.0,8,27,3,6
32,0.0,8,27,4,6
32,0.0,8,27,5,6
33,0.0,8,27,6,6
99,0.0,8,27,7,6
134,0.125,8,27,8,6
230,0.75,8,27,9,6
406,1.5,8,27,10,6
542,2.375,8,27,11,6
614,2.75,8,27,12,6
651,2.875,8,27,13,6
638,2.75,8,27,14,6
619,2.75,8,27,15,6
611,2.625,8,27,16,6
601,2.625,8,27,17,6
603,2.875,8,27,18,6
541,2.375,8,27,19,6
367,1.625,8,27,20,6
230,0.75,8,27,21,6
217,0.625,8,27,22,6
171,0.25,8,27,23,6
82,0.0,8,28,0,1
53,0.0,8,28,1,1
23,0.0,8,28,2,1
19,0.0,8,28,3,1
24,0.0,8,28,4,1
83,0.0,8,28,5,1
278,1.0,8,28,6,1
867,4.25,8,28,7,1
1448,7.625,8,28,8,1
1593,8.5,8,28,9,1
1796,9.625,8,28,10,1
1360,6.75,8,28,11,1
996,4.625,8,28,12,1
1061,5.0,8,28,13,1
923,4.125,8,28,14,1
916,4.25,8,28,15,1
1034,5.0,8,28,16,1
1316,10.5,8,28,17,1
1250,6.375,8,28,18,1
1077,5.0,8,28,19,1
732,3.125,8,28,20,1
431,1.75,8,28,21,1
347,1.125,8,28,22,1
187,0.5,8,28,23,1
88,0.0,8,29,0,2
51,0.0,8,29,1,2
28,0.0,8,29,2,2
25,0.0,8,29,3,2
31,0.0,8,29,4,2
97,0.0,8,29,5,2
429,1.625,8,29,6,2
1159,5.625,8,29,7,2
1686,9.5,8,29,8,2
1334,19.25,8,29,9,2
1591,10.875,8,29,10,2
1188,6.0,8,29,11,2
1219,5.75,8,29,12,2
1138,5.75,8,29,13,2
968,4.375,8,29,14,2
1056,5.125,8,29,15,2
1084,5.25,8,29,16,2
1335,7.25,8,29,17,2
1256,12.875,8,29,18,2
1197,6.125,8,29,19,2
915,4.125,8,29,20,2
497,2.125,8,29,21,2
363,1.5,8,29,22,2
265,0.75,8,29,23,2
149,0.125,8,30,0,3
74,0.0,8,30,1,3
34,0.0,8,30,2,3
27,0.0,8,30,3,3
35,0.0,8,30,4,3
99,0.125,8,30,5,3
440,2.0,8,30,6,3
1248,6.375,8,30,7,3
1457,9.375,8,30,8,3
1340,15.375,8,30,9,3
1530,7.75,8,30,10,3
1216,5.625,8,30,11,3
1259,6.375,8,30,12,3
1274,6.5,8,30,13,3
1168,6.0,8,30,14,3
1092,5.25,8,30,15,3
1167,5.625,8,30,16,3
1398,9.375,8,30,17,3
1321,13.75,8,30,18,3
1216,6.25,8,30,19,3
987,5.0,8,30,20,3
438,1.875,8,30,21,3
300,0.875,8,30,22,3
209,0.375,8,30,23,3
98,0.125,8,31,0,4
57,0.0,8,31,1,4
36,0.0,8,31,2,4
19,0.0,8,31,3,4
33,0.0,8,31,4,4
102,0.0,8,31,5,4
472,2.0,8,31,6,4
1218,6.0,8,31,7,4
1437,9.625,8,31,8,4
1397,17.625,8,31,9,4
1517,8.125,8,31,10,4
1242,6.125,8,31,11,4
1314,6.5,8,31,12,4
1260,6.375,8,31,13,4
1209,6.25,8,31,14,4
1150,5.625,8,31,15,4
1216,6.125,8,31,16,4
1165,9.5,8,31,17,4
1199,6.25,8,31,18,4
1434,7.625,8,31,19,4
1111,5.25,8,31,20,4
425,1.625,8,31,21,4
308,1.0,8,31,22,4
194,0.625,8,31,23,4
138,0.25,9,1,0,5
66,0.0,9,1,1,5
40,0.0,9,1,2,5
33,0.0,9,1,3,5
27,0.0,9,1,4,5
57,0.0,9,1,5,5
389,1.5,9,1,6,5
1106,5.5,9,1,7,5
1607,9.0,9,1,8,5
1638,14.0,9,1,9,5
1415,7.0,9,1,10,5
1133,5.5,9,1,11,5
1257,6.5,9,1,12,5
1243,6.125,9,1,13,5
1264,6.375,9,1,14,5
1231,6.0,9,1,15,5
1200,6.0,9,1,16,5
1370,7.875,9,1,17,5
1324,6.875,9,1,18,5
1296,6.625,9,1,19,5
1094,5.125,9,1,20,5
802,3.75,9,1,21,5
583,2.625,9,1,22,5
532,2.125,9,1,23,5
354,1.375,9,2,0,6
195,0.25,9,2,1,6
122,0.125,9,2,2,6
97,0.0,9,2,3,6
56,0.0,9,2,4,6
48,0.0,9,2,5,6
175,0.375,9,2,6,6
311,1.0,9,2,7,6
382,1.625,9,2,8,6
769,3.375,9,2,9,6
1028,5.0,9,2,10,6
1052,5.0,9,2,11,6
1074,5.0,9,2,12,6
1089,5.25,9,2,13,6
1082,5.25,9,2,14,6
1006,4.75,9,2,15,6
1251,6.125,9,2,16,6
1225,6.125,9,2,17,6
1163,5.5,9,2,18,6
1251,6.25,9,2,19,6
1159,5.75,9,2,20,6
750,3.5,9,2,21,6
657,3.0,9,2,22,6
545,2.25,9,2,23,6
342,1.25,9,3,0,6
206,0.5,9,3,1,6
169,0.1,9,3,2,6
96,0.125,9,3,3,6
44,0.0,9,3,4,6
35,0.0,9,3,5,6
70,0.0,9,3,6,6
172,0.25,9,3,7,6
281,1.0,9,3,8,6
546,2.25,9,3,9,6
911,4.125,9,3,10,6
1086,5.125,9,3,11,6
1192,6.125,9,3,12,6
1298,7.125,9,3,13,6
1134,5.25,9,3,14,6
1159,5.5,9,3,15,6
1071,4.875,9,3,16,6
1069,5.125,9,3,17,6
1173,5.5,9,3,18,6
1231,6.125,9,3,19,6
841,3.75,9,3,20,6
718,3.375,9,3,21,6
481,1.875,9,3,22,6
361,1.375,9,3,23,6
211,0.625,9,4,0,1
140,0.25,9,4,1,1
86,0.0,9,4,2,1
50,0.0,9,4,3,1
29,0.0,9,4,4,1
39,0.0,9,4,5,1
99,0.125,9,4,6,1
254,0.75,9,4,7,1
395,1.5,9,4,8,1
580,2.25,9,4,9,1
718,3.25,9,4,10,1
919,4.375,9,4,11,1
1063,5.0,9,4,12,1
970,4.5,9,4,13,1
1014,4.875,9,4,14,1
945,4.375,9,4,15,1
967,4.25,9,4,16,1
878,4.125,9,4,17,1
858,3.875,9,4,18,1
962,4.5,9,4,19,1
649,2.875,9,4,20,1
426,1.625,9,4,21,1
250,0.875,9,4,22,1
173,0.625,9,4,23,1
93,0.0,9,5,0,2
33,0.0,9,5,1,2
18,0.0,9,5,2,2
15,0.0,9,5,3,2
30,0.0,9,5,4,2
167,0.375,9,5,5,2
586,2.625,9,5,6,2
1335,7.0,9,5,7,2
1559,14.5,9,5,8,2
1373,18.5,9,5,9,2
1348,6.625,9,5,10,2
1121,5.375,9,5,11,2
1049,5.125,9,5,12,2
1102,5.25,9,5,13,2
993,4.625,9,5,14,2
985,4.625,9,5,15,2
1063,5.125,9,5,16,2
1308,7.875,9,5,17,2
1293,6.5,9,5,18,2
1097,5.125,9,5,19,2
678,3.0,9,5,20,2
287,1.0,9,5,21,2
163,0.375,9,5,22,2
123,0.125,9,5,23,2
56,0.0,9,6,0,3
32,0.0,9,6,1,3
15,0.0,9,6,2,3
14,0.0,9,6,3,3
28,0.0,9,6,4,3
170,0.375,9,6,5,3
587,2.625,9,6,6,3
1391,7.0,9,6,7,3
1547,11.375,9,6,8,3
1575,10.375,9,6,9,3
1461,7.5,9,6,10,3
1058,5.125,9,6,11,3
1110,5.375,9,6,12,3
1212,5.875,9,6,13,3
1033,4.875,9,6,14,3
1041,4.75,9,6,15,3
1164,5.75,9,6,16,3
1389,11.75,9,6,17,3
1137,6.5,9,6,18,3
1166,5.625,9,6,19,3
773,3.5,9,6,20,3
564,2.75,9,6,21,3
242,0.5,9,6,22,3
158,0.5,9,6,23,3
89,0.0,9,7,0,4
41,0.0,9,7,1,4
26,0.0,9,7,2,4
27,0.0,9,7,3,4
31,0.0,9,7,4,4
166,0.375,9,7,5,4
545,2.375,9,7,6,4
1408,7.125,9,7,7,4
1500,13.125,9,7,8,4
1517,12.875,9,7,9,4
1535,8.375,9,7,10,4
1222,6.125,9,7,11,4
1222,5.75,9,7,12,4
1249,6.25,9,7,13,4
1082,5.0,9,7,14,4
1068,5.125,9,7,15,4
1168,5.75,9,7,16,4
1288,13.125,9,7,17,4
1252,8.875,9,7,18,4
1331,6.75,9,7,19,4
885,4.25,9,7,20,4
373,1.5,9,7,21,4
276,0.875,9,7,22,4
174,0.375,9,7,23,4
105,0.125,9,8,0,5
33,0.0,9,8,1,5
23,0.0,9,8,2,5
23,0.0,9,8,3,5
31,0.0,9,8,4,5
134,0.25,9,8,5,5
515,2.125,9,8,6,5
1367,6.875,9,8,7,5
1704,9.25,9,8,8,5
1063,10.333,9,8,9,5
1520,7.625,9,8,10,5
1226,6.125,9,8,11,5
1201,6.0,9,8,12,5
1281,6.25,9,8,13,5
1204,5.875,9,8,14,5
1207,6.0,9,8,15,5
1272,6.25,9,8,16,5
1150,13.5,9,8,17,5
1209,20.25,9,8,18,5
1483,12.0,9,8,19,5
1235,6.5,9,8,20,5
859,4.125,9,8,21,5
592,2.5,9,8,22,5
431,1.875,9,8,23,5
311,1.0,9,9,0,6
177,0.5,9,9,1,6
132,0.125,9,9,2,6
111,0.125,9,9,3,6
46,0.0,9,9,4,6
59,0.0,9,9,5,6
165,0.25,9,9,6,6
281,0.875,9,9,7,6
416,1.5,9,9,8,6
756,3.375,9,9,9,6
917,4.0,9,9,10,6
1060,5.0,9,9,11,6
1241,6.0,9,9,12,6
1218,5.875,9,9,13,6
1186,5.875,9,9,14,6
1178,5.5,9,9,15,6
1013,4.75,9,9,16,6
1068,5.125,9,9,17,6
1343,6.75,9,9,18,6
1454,7.5,9,9,19,6
1233,6.375,9,9,20,6
656,3.0,9,9,21,6
551,2.5,9,9,22,6
414,1.625,9,9,23,6
309,1.0,9,10,0,6
175,0.25,9,10,1,6
122,0.0,9,10,2,6
108,0.0,9,10,3,6
41,0.0,9,10,4,6
48,0.0,9,10,5,6
56,0.0,9,10,6,6
188,0.625,9,10,7,6
326,1.125,9,10,8,6
471,1.875,9,10,9,6
734,3.125,9,10,10,6
1166,5.625,9,10,11,6
1150,6.125,9,10,12,6
1371,13.0,9,10,13,6
1115,5.25,9,10,14,6
971,4.625,9,10,15,6
1089,5.25,9,10,16,6
972,4.375,9,10,17,6
965,4.375,9,10,18,6
923,4.25,9,10,19,6
697,3.125,9,10,20,6
524,2.375,9,10,21,6
255,0.875,9,10,22,6
212,0.75,9,10,23,6
111,0.125,9,11,0,1
50,0.0,9,11,1,1
22,0.0,9,11,2,1
28,0.0,9,11,3,1
27,0.0,9,11,4,1
76,0.0,9,11,5,1
419,1.625,9,11,6,1
1281,6.5,9,11,7,1
1227,11.375,9,11,8,1
1155,22.875,9,11,9,1
1496,8.875,9,11,10,1
1074,5.25,9,11,11,1
1073,5.375,9,11,12,1
1089,5.125,9,11,13,1
995,4.875,9,11,14,1
1045,5.0,9,11,15,1
1061,5.25,9,11,16,1
1333,8.5,9,11,17,1
1197,6.0,9,11,18,1
1063,5.125,9,11,19,1
727,3.125,9,11,20,1
478,1.875,9,11,21,1
337,1.0,9,11,22,1
190,0.375,9,11,23,1
90,0.0,9,12,0,2
44,0.0,9,12,1,2
15,0.0,9,12,2,2
20,0.0,9,12,3,2
17,0.0,9,12,4,2
105,0.125,9,12,5,2
454,1.875,9,12,6,2
1268,6.25,9,12,7,2
1433,9.5,9,12,8,2
1574,17.0,9,12,9,2
1769,7.4,9,12,10,2
1129,5.5,9,12,11,2
1123,5.375,9,12,12,2
1085,5.125,9,12,13,2
986,4.375,9,12,14,2
1073,5.0,9,12,15,2
1143,5.75,9,12,16,2
1332,20.375,9,12,17,2
1200,23.375,9,12,18,2
1162,16.625,9,12,19,2
858,4.0,9,12,20,2
371,1.5,9,12,21,2
246,0.625,9,12,22,2
189,0.375,9,12,23,2
72,0.0,9,13,0,3
50,0.0,9,13,1,3
22,0.0,9,13,2,3
18,0.0,9,13,3,3
34,0.0,9,13,4,3
190,0.5,9,13,5,3
599,2.75,9,13,6,3
1405,7.125,9,13,7,3
1503,9.625,9,13,8,3
1804,10.875,9,13,9,3
1461,7.625,9,13,10,3
1182,5.875,9,13,11,3
1169,5.875,9,13,12,3
1180,6.0,9,13,13,3
1044,5.0,9,13,14,3
1081,5.25,9,13,15,3
1173,5.875,9,13,16,3
1371,9.625,9,13,17,3
1159,9.875,9,13,18,3
1225,5.875,9,13,19,3
752,3.25,9,13,20,3
446,1.625,9,13,21,3
334,1.25,9,13,22,3
166,0.25,9,13,23,3
104,0.125,9,14,0,4
58,0.0,9,14,1,4
32,0.0,9,14,2,4
23,0.0,9,14,3,4
28,0.0,9,14,4,4
188,0.375,9,14,5,4
567,2.625,9,14,6,4
1438,7.25,9,14,7,4
1231,9.375,9,14,8,4
2372,10.0,9,14,9,4
1366,6.625,9,14,10,4
1214,5.875,9,14,11,4
1173,5.625,9,14,12,4
1095,5.25,9,14,13,4
1099,5.5,9,14,14,4
1060,5.0,9,14,15,4
1192,6.25,9,14,16,4
1241,25.75,9,14,17,4
1175,23.0,9,14,18,4
1366,7.0,9,14,19,4
1018,5.0,9,14,20,4
429,1.75,9,14,21,4
357,1.5,9,14,22,4
221,0.875,9,14,23,4
118,0.0,9,15,0,5
68,0.0,9,15,1,5
42,0.0,9,15,2,5
38,0.0,9,15,3,5
34,0.0,9,15,4,5
151,0.25,9,15,5,5
523,2.125,9,15,6,5
1356,6.875,9,15,7,5
1237,10.375,9,15,8,5
1759,10.0,9,15,9,5
1408,7.25,9,15,10,5
1176,5.875,9,15,11,5
1283,6.5,9,15,12,5
1266,6.125,9,15,13,5
1199,6.0,9,15,14,5
1129,5.375,9,15,15,5
1239,6.125,9,15,16,5
1395,7.5,9,15,17,5
1439,7.625,9,15,18,5
1540,8.0,9,15,19,5
1159,6.0,9,15,20,5
776,3.5,9,15,21,5
555,2.375,9,15,22,5
365,1.5,9,15,23,5
282,0.875,9,16,0,6
159,0.25,9,16,1,6
119,0.0,9,16,2,6
69,0.0,9,16,3,6
27,0.0,9,16,4,6
84,0.0,9,16,5,6
183,0.375,9,16,6,6
297,1.0,9,16,7,6
368,1.5,9,16,8,6
420,4.0,9,16,9,6
1564,7.875,9,18,10,1
1132,5.625,9,18,11,1
1186,6.25,9,18,12,1
1268,6.625,9,18,13,1
1440,5.8,9,18,14,1
872,5.667,9,18,15,1
1464,8.0,9,18,16,1
1384,9.0,9,18,17,1
1545,8.0,9,18,18,1
1258,6.375,9,18,19,1
856,4.125,9,18,20,1
444,1.75,9,18,21,1
274,1.0,9,18,22,1
166,0.375,9,18,23,1
79,0.0,9,19,0,2
30,0.0,9,19,1,2
33,0.0,9,19,2,2
12,0.0,9,19,3,2
27,0.0,9,19,4,2
182,0.5,9,19,5,2
614,3.0,9,19,6,2
1537,8.25,9,19,7,2
1041,11.75,9,19,8,2
1114,12.875,9,19,9,2
1593,8.5,9,19,10,2
1327,7.0,9,19,11,2
1364,7.0,9,19,12,2
1312,6.75,9,19,13,2
1201,6.25,9,19,14,2
1204,6.375,9,19,15,2
1510,7.875,9,19,16,2
1423,10.375,9,19,17,2
906,9.5,9,19,18,2
1644,9.625,9,19,19,2
1240,7.125,9,19,20,2
439,1.875,9,19,21,2
339,1.25,9,19,22,2
231,0.875,9,19,23,2
100,0.0,9,20,0,3
51,0.0,9,20,1,3
25,0.0,9,20,2,3
24,0.0,9,20,3,3
28,0.0,9,20,4,3
198,0.625,9,20,5,3
623,2.625,9,20,6,3
1589,10.625,9,20,7,3
599,12.375,9,20,8,3
613,17.375,9,20,9,3
1622,8.625,9,20,10,3
1353,7.0,9,20,11,3
1359,7.0,9,20,12,3
1359,7.0,9,20,13,3
1198,6.25,9,20,14,3
1282,6.625,9,20,15,3
1321,8.25,9,20,16,3
1401,17.375,9,20,17,3
1387,28.75,9,20,18,3
1610,13.125,9,20,19,3
979,5.0,9,20,20,3
399,1.625,9,20,21,3
301,1.25,9,20,22,3
167,0.375,9,20,23,3
78,0.0,9,21,0,4
40,0.0,9,21,1,4
20,0.0,9,21,2,4
22,0.0,9,21,3,4
28,0.0,9,21,4,4
167,0.375,9,21,5,4
600,2.875,9,21,6,4
1596,8.75,9,21,7,4
626,13.625,9,21,8,4
1116,13.75,9,21,9,4
1660,8.75,9,21,10,4
1722,7.4,9,21,11,4
1437,7.625,9,21,12,4
1507,7.875,9,21,13,4
1307,6.75,9,21,14,4
1451,7.875,9,21,15,4
1403,7.375,9,21,16,4
1391,10.375,9,21,17,4
1569,13.625,9,21,18,4
1723,9.75,9,21,19,4
1105,5.625,9,21,20,4
421,1.625,9,21,21,4
371,1.5,9,21,22,4
251,0.875,9,21,23,4
133,0.125,9,22,0,5
69,0.0,9,22,1,5
53,0.0,9,22,2,5
44,0.0,9,22,3,5
34,0.0,9,22,4,5
47,0.0,9,22,5,5
416,1.875,9,22,6,5
1329,7.375,9,22,7,5
1407,11.125,9,22,8,5
1154,11.0,9,22,9,5
1561,10.0,9,22,10,5
1434,7.625,9,22,11,5
1501,8.125,9,22,12,5
1467,7.875,9,22,13,5
1511,8.375,9,22,14,5
1495,8.0,9,22,15,5
1596,8.625,9,22,16,5
1407,24.5,9,22,17,5
1548,21.5,9,22,18,5
1517,17.125,9,22,19,5
1418,7.5,9,22,20,5
908,4.5,9,22,21,5
732,3.5,9,22,22,5
586,2.875,9,22,23,5
319,1.125,9,23,0,6
216,0.75,9,23,1,6
144,0.0,9,23,2,6
106,0.0,9,23,3,6
59,0.0,9,23,4,6
57,0.0,9,23,5,6
184,0.375,9,23,6,6
402,1.625,9,23,7,6
626,2.875,9,23,8,6
1099,5.5,9,23,9,6
1163,5.75,9,23,10,6
1274,6.625,9,23,11,6
1550,8.25,9,23,12,6
1714,9.625,9,23,13,6
1678,9.5,9,23,14,6
1695,9.125,9,23,15,6
1500,7.625,9,23,16,6
1563,8.625,9,23,17,6
1394,11.0,9,23,18,6
1240,12.0,9,23,19,6
1471,8.0,9,23,20,6
957,4.75,9,23,21,6
751,3.625,9,23,22,6
699,3.125,9,23,23,6
439,2.0,9,24,0,6
253,0.875,9,24,1,6
194,0.375,9,24,2,6
126,0.0,9,24,3,6
61,0.0,9,24,4,6
58,0.0,9,24,5,6
125,0.125,9,24,6,6
598,2.625,9,24,7,6
311,1.0,9,24,8,6
470,2.0,9,24,9,6
818,3.625,9,24,10,6
1372,7.625,9,24,11,6
1321,6.75,9,24,12,6
1317,8.5,9,24,13,6
1368,7.125,9,24,14,6
1292,6.625,9,24,15,6
1265,5.875,9,24,16,6
1424,7.375,9,24,17,6
1325,6.75,9,24,18,6
1227,6.25,9,24,19,6
780,3.75,9,24,20,6
571,2.5,9,24,21,6
328,1.25,9,24,22,6
195,0.5,9,24,23,6
105,0.0,9,25,0,1
54,0.0,9,25,1,1
26,0.0,9,25,2,1
23,0.0,9,25,3,1
30,0.0,9,25,4,1
103,0.125,9,25,5,1
460,1.875,9,25,6,1
1348,7.0,9,25,7,1
1429,11.125,9,25,8,1
2145,10.8,9,25,9,1
1455,7.75,9,25,10,1
1296,6.625,9,25,11,1
1239,6.375,9,25,12,1
1323,7.0,9,25,13,1
1227,6.375,9,25,14,1
1218,6.125,9,25,15,1
1372,7.25,9,25,16,1
1330,12.25,9,25,17,1
779,13.5,9,25,18,1
1126,7.625,9,25,19,1
828,4.0,9,25,20,1
433,2.0,9,25,21,1
313,1.25,9,25,22,1
200,0.625,9,25,23,1
105,0.125,9,26,0,2
51,0.0,9,26,1,2
25,0.0,9,26,2,2
25,0.0,9,26,3,2
23,0.0,9,26,4,2
92,0.0,9,26,5,2
475,2.0,9,26,6,2
1237,9.0,9,26,7,2
609,16.75,9,26,8,2
1299,30.0,9,26,9,2
1300,9.875,9,26,10,2
1364,7.5,9,26,11,2
1395,7.5,9,26,12,2
1289,6.625,9,26,13,2
1222,7.5,9,26,14,2
1292,7.375,9,26,15,2
1155,9.75,9,26,16,2
1355,11.0,9,26,17,2
1108,19.625,9,26,18,2
1381,10.0,9,26,19,2
893,10.25,9,26,20,2
548,2.625,9,26,21,2
386,1.75,9,26,22,2
222,0.625,9,26,23,2
101,0.0,9,27,0,3
59,0.0,9,27,1,3
31,0.0,9,27,2,3
27,0.0,9,27,3,3
23,0.0,9,27,4,3
101,0.0,9,27,5,3
461,1.875,9,27,6,3
1438,9.125,9,27,7,3
1067,12.5,9,27,8,3
1112,12.75,9,27,9,3
1337,10.375,9,27,10,3
1781,7.4,9,27,11,3
1392,7.5,9,27,12,3
1394,7.125,9,27,13,3
1264,6.5,9,27,14,3
1409,7.5,9,27,15,3
1520,8.25,9,27,16,3
1340,28.625,9,27,17,3
1363,24.625,9,27,18,3
1378,9.0,9,27,19,3
609,3.25,9,27,20,3
435,2.125,9,27,21,3
339,1.625,9,27,22,3
232,0.625,9,27,23,3
118,0.125,9,28,0,4
60,0.0,9,28,1,4
24,0.0,9,28,2,4
29,0.0,9,28,3,4
30,0.0,9,28,4,4
179,0.5,9,28,5,4
583,2.75,9,28,6,4
1603,8.875,9,28,7,4
607,22.875,9,28,8,4
654,18.5,9,28,9,4
1681,9.125,9,28,10,4
1438,7.5,9,28,11,4
1436,7.75,9,28,12,4
1448,7.75,9,28,13,4
1244,6.25,9,28,14,4
1362,7.0,9,28,15,4
1419,7.625,9,28,16,4
1280,29.75,9,28,17,4
1421,26.875,9,28,18,4
1470,21.875,9,28,19,4
1063,5.875,9,28,20,4
530,2.875,9,28,21,4
418,2.0,9,28,22,4
286,1.25,9,28,23,4
127,0.333,9,29,0,5
57,0.0,9,29,1,5
42,0.0,9,29,2,5
40,0.0,9,29,3,5
33,0.0,9,29,4,5
102,0.0,9,29,5,5
440,3.375,9,29,6,5
1027,9.875,9,29,7,5
1426,10.0,9,29,8,5
1191,12.375,9,29,9,5
1686,9.5,9,29,10,5
1509,8.25,9,29,11,5
1457,7.75,9,29,12,5
1448,7.625,9,29,13,5
1441,7.625,9,29,14,5
1473,7.625,9,29,15,5
1548,8.25,9,29,16,5
1172,18.375,9,29,17,5
1283,11.875,9,29,18,5
1274,9.875,9,29,19,5
1370,7.375,9,29,20,5
1016,5.25,9,29,21,5
725,3.5,9,29,22,5
513,2.25,9,29,23,5
386,1.75,9,30,0,6
209,0.625,9,30,1,6
108,0.0,9,30,2,6
94,0.0,9,30,3,6
46,0.0,9,30,4,6
50,0.0,9,30,5,6
223,0.875,9,30,6,6
394,1.625,9,30,7,6
485,2.25,9,30,8,6
1000,4.75,9,30,9,6
1217,6.25,9,30,10,6
1325,7.125,9,30,11,6
1639,9.5,9,30,12,6
1688,12.75,9,30,13,6
1650,9.125,9,30,14,6
1662,9.25,9,30,15,6
1539,8.375,9,30,16,6
1598,8.625,9,30,17,6
1638,14.625,9,30,18,6
1238,12.0,9,30,19,6
1390,9.5,9,30,20,6
999,5.0,9,30,21,6
768,3.625,9,30,22,6
572,2.875,9,30,23,6
451,2.0,10,1,0,6
288,1.0,10,1,1,6
173,0.375,10,1,2,6
129,0.25,10,1,3,6
49,0.0,10,1,4,6
40,0.0,10,1,5,6
84,0.0,10,1,6,6
211,0.625,10,1,7,6
310,1.25,10,1,8,6
618,2.625,10,1,9,6
994,5.0,10,1,10,6
1217,6.0,10,1,11,6
1445,7.5,10,1,12,6
1610,12.5,10,1,13,6
1443,7.625,10,1,14,6
1331,6.875,10,1,15,6
1305,6.625,10,1,16,6
1199,5.875,10,1,17,6
1298,6.75,10,1,18,6
1177,5.875,10,1,19,6
825,4.125,10,1,20,6
562,2.375,10,1,21,6
311,1.25,10,1,22,6
218,0.625,10,1,23,6
130,0.125,10,2,0,1
55,0.0,10,2,1,1
32,0.0,10,2,2,1
25,0.0,10,2,3,1
31,0.0,10,2,4,1
187,0.375,10,2,5,1
593,2.75,10,2,6,1
1394,9.625,10,2,7,1
880,13.75,10,2,8,1
898,18.375,10,2,9,1
1452,7.375,10,2,10,1
1250,6.375,10,2,11,1
1373,7.375,10,2,12,1
1331,7.0,10,2,13,1
1135,6.0,10,2,14,1
1164,6.125,10,2,15,1
1406,7.625,10,2,16,1
1389,15.125,10,2,17,1
1174,9.625,10,2,18,1
1335,8.75,10,2,19,1
777,3.75,10,2,20,1
459,2.0,10,2,21,1
293,0.875,10,2,22,1
171,0.375,10,2,23,1
105,0.0,10,3,0,2
31,0.0,10,3,1,2
24,0.0,10,3,2,2
23,0.0,10,3,3,2
29,0.0,10,3,4,2
72,0.25,10,3,5,2
493,2.25,10,3,6,2
1342,7.125,10,3,7,2
1411,11.25,10,3,8,2
1279,12.5,10,3,9,2
1316,10.125,10,3,10,2
1428,8.0,10,3,11,2
1434,7.625,10,3,12,2
1259,6.5,10,3,13,2
1326,7.125,10,3,14,2
1096,8.625,10,3,15,2
1279,7.0,10,3,16,2
975,15.25,10,3,17,2
971,21.625,10,3,18,2
1289,19.0,10,3,19,2
908,4.375,10,3,20,2
485,2.0,10,3,21,2
317,1.5,10,3,22,2
230,0.625,10,3,23,2
98,0.0,10,4,0,3
55,0.0,10,4,1,3
41,0.0,10,4,2,3
17,0.0,10,4,3,3
29,0.0,10,4,4,3
104,0.125,10,4,5,3
472,1.875,10,4,6,3
1371,7.375,10,4,7,3
1449,11.375,10,4,8,3
449,23.25,10,4,9,3
1356,11.25,10,4,10,3
1153,5.75,10,4,11,3
1743,7.4,10,4,12,3
1105,8.0,10,4,13,3
1275,6.375,10,4,14,3
1338,7.0,10,4,15,3
1505,8.125,10,4,16,3
1266,31.75,10,4,17,3
1145,38.625,10,4,18,3
1235,21.5,10,4,19,3
848,4.0,10,4,20,3
527,2.25,10,4,21,3
404,1.625,10,4,22,3
229,0.75,10,4,23,3
123,0.25,10,5,0,4
64,0.0,10,5,1,4
34,0.0,10,5,2,4
17,0.0,10,5,3,4
39,0.0,10,5,4,4
170,0.375,10,5,5,4
599,2.625,10,5,6,4
1532,8.5,10,5,7,4
823,18.75,10,5,8,4
895,21.125,10,5,9,4
944,12.0,10,5,10,4
1464,8.25,10,5,11,4
1528,8.375,10,5,12,4
1543,8.75,10,5,13,4
1428,7.5,10,5,14,4
1370,7.375,10,5,15,4
1525,8.5,10,5,16,4
1148,40.0,10,5,17,4
1151,44.875,10,5,18,4
1126,33.0,10,5,19,4
1133,6.0,10,5,20,4
564,2.5,10,5,21,4
448,1.75,10,5,22,4
425,1.75,10,5,23,4
236,0.75,10,6,0,5
105,0.125,10,6,1,5
84,0.0,10,6,2,5
57,0.0,10,6,3,5
53,0.0,10,6,4,5
176,0.375,10,6,5,5
598,2.75,10,6,6,5
1686,9.5,10,6,7,5
639,27.0,10,6,8,5
2128,33.9,10,6,9,5
1853,19.25,10,6,10,5
1551,18.875,10,6,11,5
1619,30.5,10,6,12,5
2438,29.083,10,6,13,5
1305,17.5,10,6,14,5
1598,12.125,10,6,15,5
1626,23.75,10,6,16,5
1346,32.25,10,6,17,5
1434,36.875,10,6,18,5
1669,14.125,10,6,19,5
1179,6.625,10,6,20,5
1096,6.5,10,6,21,5
1023,10.75,10,6,22,5
985,6.875,10,6,23,5
727,3.875,10,7,0,6
269,1.0,10,7,1,6
166,0.5,10,7,2,6
102,0.0,10,7,3,6
59,0.0,10,7,4,6
77,0.0,10,7,5,6
193,0.625,10,7,6,6
446,1.875,10,7,7,6
671,3.125,10,7,8,6
975,4.75,10,7,9,6
1317,9.375,10,7,10,6
1495,8.375,10,7,11,6
1652,19.0,10,7,12,6
1503,26.75,10,7,13,6
1457,22.375,10,7,14,6
1682,10.125,10,7,15,6
1663,9.875,10,7,16,6
1665,10.125,10,7,17,6
1458,8.0,10,7,18,6
1310,7.5,10,7,19,6
1058,6.0,10,7,20,6
954,5.75,10,7,21,6
1198,8.375,10,7,22,6
1003,6.875,10,7,23,6
671,3.25,10,8,0,6
286,1.0,10,8,1,6
194,0.5,10,8,2,6
129,0.25,10,8,3,6
61,0.0,10,8,4,6
52,0.0,10,8,5,6
27,0.0,10,8,6,6
206,0.625,10,8,7,6
331,1.125,10,8,8,6
686,3.0,10,8,9,6
1021,5.0,10,8,10,6
1477,15.25,10,8,11,6
1516,17.375,10,8,12,6
1563,30.625,10,8,13,6
1378,31.0,10,8,14,6
1687,13.75,10,8,15,6
1569,13.375,10,8,16,6
1298,7.0,10,8,17,6
1227,6.75,10,8,18,6
1220,6.875,10,8,19,6
926,5.5,10,8,20,6
833,4.75,10,8,21,6
895,5.25,10,8,22,6
1030,6.75,10,8,23,6
524,2.75,10,9,0,1
128,0.125,10,9,1,1
66,0.0,10,9,2,1
53,0.0,10,9,3,1
40,0.0,10,9,4,1
97,0.0,10,9,5,1
423,1.75,10,9,6,1
1320,7.125,10,9,7,1
1390,10.75,10,9,8,1
1038,11.875,10,9,9,1
1616,8.625,10,9,10,1
1293,6.75,10,9,11,1
1520,8.125,10,9,12,1
1437,7.75,10,9,13,1
1453,7.875,10,9,14,1
1411,7.75,10,9,15,1
1496,8.0,10,9,16,1
1487,7.625,10,9,17,1
1355,8.75,10,9,18,1
1346,6.875,10,9,19,1
942,4.75,10,9,20,1
450,1.875,10,9,21,1
288,0.75,10,9,22,1
159,0.375,10,9,23,1
90,0.0,10,10,0,2
40,0.0,10,10,1,2
15,0.0,10,10,2,2
15,0.0,10,10,3,2
23,0.0,10,10,4,2
98,0.0,10,10,5,2
483,2.125,10,10,6,2
1407,7.75,10,10,7,2
1023,12.375,10,10,8,2
387,21.25,10,10,9,2
1332,10.375,10,10,10,2
1320,7.375,10,10,11,2
1487,8.125,10,10,12,2
1270,6.5,10,10,13,2
1244,6.375,10,10,14,2
1226,6.25,10,10,15,2
1359,7.25,10,10,16,2
1046,11.375,10,10,17,2
1505,14.625,10,10,18,2
1448,10.5,10,10,19,2
1119,6.375,10,10,20,2
467,2.0,10,10,21,2
347,1.375,10,10,22,2
191,0.375,10,10,23,2
118,0.0,10,11,0,3
60,0.0,10,11,1,3
27,0.0,10,11,2,3
28,0.0,10,11,3,3
20,0.0,10,11,4,3
117,0.125,10,11,5,3
472,2.125,10,11,6,3
1412,7.5,10,11,7,3
1181,12.625,10,11,8,3
1055,32.75,10,11,9,3
1554,17.5,10,11,10,3
1334,7.0,10,11,11,3
1527,8.5,10,11,12,3
1377,7.125,10,11,13,3
1386,7.375,10,11,14,3
1245,6.5,10,11,15,3
1776,10.1,10,11,16,3
1347,20.75,10,11,17,3
1524,26.375,10,11,18,3
1517,20.25,10,11,19,3
902,4.375,10,11,20,3
421,1.625,10,11,21,3
331,1.25,10,11,22,3
279,0.875,10,11,23,3
110,0.0,10,12,0,4
61,0.0,10,12,1,4
35,0.0,10,12,2,4
26,0.0,10,12,3,4
39,0.0,10,12,4,4
167,0.25,10,12,5,4
637,2.625,10,12,6,4
1623,9.0,10,12,7,4
1123,16.875,10,12,8,4
1695,31.625,10,12,9,4
1543,8.0,10,12,10,4
1517,8.125,10,12,11,4
1608,8.5,10,12,12,4
1476,7.75,10,12,13,4
1379,7.5,10,12,14,4
1390,7.5,10,12,15,4
1530,8.625,10,12,16,4
1488,27.75,10,12,17,4
1274,38.75,10,12,18,4
1602,22.375,10,12,19,4
1124,6.0,10,12,20,4
503,2.375,10,12,21,4
328,1.25,10,12,22,4
291,0.875,10,12,23,4
164,0.375,10,13,0,5
84,0.0,10,13,1,5
42,0.0,10,13,2,5
56,0.0,10,13,3,5
36,0.0,10,13,4,5
180,0.5,10,13,5,5
569,2.625,10,13,6,5
1638,9.375,10,13,7,5
389,26.125,10,13,8,5
549,33.75,10,13,9,5
1790,11.125,10,13,10,5
1786,14.125,10,13,11,5
1608,34.625,10,13,12,5
1636,34.125,10,13,13,5
1529,17.375,10,13,14,5
1390,11.25,10,13,15,5
1619,12.75,10,13,16,5
1274,32.75,10,13,17,5
1426,36.25,10,13,18,5
1518,21.375,10,13,19,5
1233,6.875,10,13,20,5
1056,6.0,10,13,21,5
1243,8.125,10,13,22,5
1081,7.125,10,13,23,5
659,3.375,10,14,0,6
243,0.875,10,14,1,6
153,0.25,10,14,2,6
101,0.0,10,14,3,6
41,0.0,10,14,4,6
82,0.0,10,14,5,6
247,1.0,10,14,6,6
428,1.75,10,14,7,6
619,2.875,10,14,8,6
950,4.625,10,14,9,6
1261,6.625,10,14,10,6
1480,10.25,10,14,11,6
1605,19.375,10,14,12,6
1555,27.25,10,14,13,6
1474,31.0,10,14,14,6
1706,13.25,10,14,15,6
1589,10.125,10,14,16,6
1553,9.375,10,14,17,6
1516,8.875,10,14,18,6
1552,9.5,10,14,19,6
1160,6.75,10,14,20,6
1057,6.25,10,14,21,6
1207,9.625,10,14,22,6
1148,8.25,10,14,23,6
709,3.625,10,15,0,6
275,1.0,10,15,1,6
178,0.375,10,15,2,6
130,0.125,10,15,3,6
70,0.0,10,15,4,6
54,0.0,10,15,5,6
93,0.0,10,15,6,6
207,0.75,10,15,7,6
336,1.375,10,15,8,6
713,3.375,10,15,9,6
1058,5.125,10,15,10,6
1528,11.0,10,15,11,6
1631,17.625,10,15,12,6
1634,31.375,10,15,13,6
1630,15.75,10,15,14,6
1708,11.625,10,15,15,6
1456,11.375,10,15,16,6
1426,8.25,10,15,17,6
1285,7.125,10,15,18,6
1204,6.625,10,15,19,6
784,4.25,10,15,20,6
858,4.875,10,15,21,6
885,5.25,10,15,22,6
944,5.875,10,15,23,6
306,1.125,10,16,0,1
128,0.25,10,16,1,1
53,0.0,10,16,2,1
60,0.0,10,16,3,1
54,0.0,10,16,4,1
128,0.0,10,16,5,1
474,1.875,10,16,6,1
1431,7.75,10,16,7,1
1002,13.0,10,16,8,1
1259,30.0,10,16,9,1
1437,16.875,10,16,10,1
1344,7.25,10,16,11,1
1483,7.875,10,16,12,1
1446,7.625,10,16,13,1
1366,7.125,10,16,14,1
1241,6.5,10,16,15,1
1328,7.0,10,16,16,1
1542,10.75,10,16,17,1
1423,7.875,10,16,18,1
1532,8.625,10,16,19,1
925,4.5,10,16,20,1
463,2.0,10,16,21,1
321,1.375,10,16,22,1
188,0.375,10,16,23,1
122,0.25,10,17,0,2
36,0.0,10,17,1,2
24,0.0,10,17,2,2
17,0.0,10,17,3,2
24,0.0,10,17,4,2
89,0.125,10,17,5,2
500,2.25,10,17,6,2
1403,7.5,10,17,7,2
1231,13.375,10,17,8,2
1237,29.625,10,17,9,2
1775,17.5,10,17,10,2
1468,7.875,10,17,11,2
1408,7.25,10,17,12,2
1398,7.0,10,17,13,2
1295,6.75,10,17,14,2
1179,6.125,10,17,15,2
1278,6.625,10,17,16,2
1290,16.875,10,17,17,2
1407,8.75,10,17,18,2
1474,8.125,10,17,19,2
1061,5.375,10,17,20,2
422,1.875,10,17,21,2
354,1.375,10,17,22,2
217,0.625,10,17,23,2
124,0.125,10,18,0,3
38,0.0,10,18,1,3
20,0.0,10,18,2,3
28,0.0,10,18,3,3
25,0.0,10,18,4,3
89,0.0,10,18,5,3
471,2.125,10,18,6,3
1430,7.625,10,18,7,3
988,12.0,10,18,8,3
1243,28.0,10,18,9,3
1297,17.375,10,18,10,3
1682,9.375,10,18,11,3
1677,9.125,10,18,12,3
1547,8.125,10,18,13,3
1388,7.25,10,18,14,3
1318,6.875,10,18,15,3
1431,7.625,10,18,16,3
1248,23.75,10,18,17,3
1465,12.0,10,18,18,3
1369,23.375,10,18,19,3
1100,7.875,10,18,20,3
508,2.25,10,18,21,3
372,1.5,10,18,22,3
251,0.875,10,18,23,3
129,0.0,10,19,0,4
69,0.0,10,19,1,4
39,0.0,10,19,2,4
34,0.0,10,19,3,4
23,0.0,10,19,4,4
91,0.0,10,19,5,4
471,2.125,10,19,6,4
1397,7.75,10,19,7,4
1482,12.375,10,19,8,4
630,32.375,10,19,9,4
1709,11.5,10,19,10,4
1630,9.0,10,19,11,4
1745,10.0,10,19,12,4
1486,8.125,10,19,13,4
1366,7.375,10,19,14,4
1311,7.0,10,19,15,4
1780,7.8,10,19,16,4
1563,8.75,10,19,17,4
1637,11.625,10,19,18,4
1673,9.375,10,19,19,4
1087,5.5,10,19,20,4
428,1.75,10,19,21,4
321,1.125,10,19,22,4
325,1.375,10,19,23,4
130,0.25,10,20,0,5
54,0.0,10,20,1,5
44,0.0,10,20,2,5
41,0.0,10,20,3,5
34,0.0,10,20,4,5
126,0.125,10,20,5,5
541,2.375,10,20,6,5
1343,8.625,10,20,7,5
555,21.25,10,20,8,5
1023,19.5,10,20,9,5
1705,9.75,10,20,10,5
1652,9.25,10,20,11,5
1697,9.375,10,20,12,5
1610,8.875,10,20,13,5
1499,8.0,10,20,14,5
1472,8.0,10,20,15,5
1500,8.125,10,20,16,5
1342,29.75,10,20,17,5
1387,10.0,10,20,18,5
1393,17.25,10,20,19,5
1381,7.375,10,20,20,5
986,5.0,10,20,21,5
606,2.5,10,20,22,5
332,1.375,10,20,23,5
248,0.75,10,21,0,6
149,0.375,10,21,1,6
122,0.125,10,21,2,6
68,0.0,10,21,3,6
44,0.0,10,21,4,6
69,0.125,10,21,5,6
52,0.125,10,21,6,6
8,0.0,10,21,7,6
5,0.0,10,21,8,6
71,0.375,10,21,9,6
79,1.125,10,21,10,6
1168,5.875,10,21,11,6
1476,7.875,10,21,12,6
1550,8.5,10,21,13,6
1474,8.0,10,21,14,6
1500,8.125,10,21,15,6
1502,8.0,10,21,16,6
1443,9.875,10,21,17,6
1349,10.5,10,21,18,6
1509,10.625,10,21,19,6
1089,5.875,10,21,20,6
660,3.125,10,21,21,6
497,2.375,10,21,22,6
454,2.0,10,21,23,6
309,1.25,10,22,0,6
161,0.125,10,22,1,6
164,0.375,10,22,2,6
103,0.0,10,22,3,6
42,0.0,10,22,4,6
57,0.0,10,22,5,6
150,0.25,10,22,6,6
287,1.5,10,22,7,6
265,1.75,10,22,8,6
510,2.375,10,22,9,6
899,4.25,10,22,10,6
1337,6.875,10,22,11,6
1303,6.625,10,22,12,6
1601,8.75,10,22,13,6
1384,7.125,10,22,14,6
1296,6.375,10,22,15,6
1322,6.5,10,22,16,6
1272,6.5,10,22,17,6
1289,6.25,10,22,18,6
1251,6.625,10,22,19,6
526,2.125,10,22,20,6
445,1.875,10,22,21,6
222,0.75,10,22,22,6
163,0.375,10,22,23,6
75,0.0,10,23,0,1
36,0.0,10,23,1,1
23,0.0,10,23,2,1
24,0.0,10,23,3,1
40,0.0,10,23,4,1
169,0.5,10,23,5,1
558,2.5,10,23,6,1
1595,8.875,10,23,7,1
1275,16.875,10,23,8,1
1208,30.875,10,23,9,1
1647,9.5,10,23,10,1
1328,6.875,10,23,11,1
1349,6.875,10,23,12,1
1467,7.625,10,23,13,1
1192,6.125,10,23,14,1
1147,5.75,10,23,15,1
1399,7.625,10,23,16,1
1351,15.5,10,23,17,1
1570,10.125,10,23,18,1
1451,10.875,10,23,19,1
850,4.0,10,23,20,1
431,1.625,10,23,21,1
281,0.875,10,23,22,1
159,0.25,10,23,23,1
82,0.0,10,24,0,2
49,0.0,10,24,1,2
23,0.0,10,24,2,2
16,0.0,10,24,3,2
26,0.0,10,24,4,2
169,0.375,10,24,5,2
601,2.75,10,24,6,2
1657,9.375,10,24,7,2
830,13.875,10,24,8,2
1677,36.125,10,24,9,2
1595,9.875,10,24,10,2
1356,7.25,10,24,11,2
1396,7.0,10,24,12,2
1334,6.875,10,24,13,2
1234,6.125,10,24,14,2
1201,6.25,10,24,15,2
1391,7.5,10,24,16,2
1366,12.875,10,24,17,2
1464,14.875,10,24,18,2
1414,14.75,10,24,19,2
963,4.75,10,24,20,2
500,2.125,10,24,21,2
318,1.125,10,24,22,2
186,0.5,10,24,23,2
79,0.0,10,25,0,3
32,0.0,10,25,1,3
33,0.0,10,25,2,3
11,0.0,10,25,3,3
21,0.0,10,25,4,3
161,0.25,10,25,5,3
637,2.875,10,25,6,3
1617,9.125,10,25,7,3
1060,16.0,10,25,8,3
1716,28.625,10,25,9,3
1383,11.75,10,25,10,3
1395,7.375,10,25,11,3
1403,7.25,10,25,12,3
1803,7.8,10,25,13,3
1316,6.875,10,25,14,3
1401,7.125,10,25,15,3
1463,8.125,10,25,16,3
1479,33.625,10,25,17,3
1131,36.375,10,25,18,3
1386,24.75,10,25,19,3
846,4.0,10,25,20,3
483,2.25,10,25,21,3
336,1.25,10,25,22,3
210,0.875,10,25,23,3
133,0.125,10,26,0,4
45,0.0,10,26,1,4
35,0.0,10,26,2,4
20,0.0,10,26,3,4
42,0.0,10,26,4,4
150,0.25,10,26,5,4
573,2.75,10,26,6,4
1649,9.375,10,26,7,4
1310,21.75,10,26,8,4
1437,29.0,10,26,9,4
1421,11.25,10,26,10,4
1574,8.5,10,26,11,4
1479,7.5,10,26,12,4
1526,8.25,10,26,13,4
1211,6.0,10,26,14,4
1343,6.75,10,26,15,4
1578,8.75,10,26,16,4
1028,36.0,10,26,17,4
1001,45.875,10,26,18,4
1508,17.125,10,26,19,4
979,4.875,10,26,20,4
420,1.625,10,26,21,4
297,1.125,10,26,22,4
211,0.5,10,26,23,4
145,0.25,10,27,0,5
28,0.0,10,27,1,5
44,0.0,10,27,2,5
22,0.0,10,27,3,5
27,0.0,10,27,4,5
99,0.125,10,27,5,5
447,2.0,10,27,6,5
1411,7.875,10,27,7,5
1449,14.375,10,27,8,5
1276,28.625,10,27,9,5
1805,16.75,10,27,10,5
1536,8.125,10,27,11,5
1642,9.125,10,27,12,5
1710,9.5,10,27,13,5
1558,8.375,10,27,14,5
1540,8.125,10,27,15,5
1468,7.625,10,27,16,5
1227,27.75,10,27,17,5
1350,25.0,10,27,18,5
1573,17.875,10,27,19,5
1369,7.5,10,27,20,5
856,4.0,10,27,21,5
646,2.75,10,27,22,5
461,2.0,10,27,23,5
430,1.75,10,28,0,6
213,0.625,10,28,1,6
144,0.0,10,28,2,6
78,0.0,10,28,3,6
44,0.0,10,28,4,6
52,0.0,10,28,5,6
193,0.5,10,28,6,6
339,1.5,10,28,7,6
472,2.0,10,28,8,6
932,4.375,10,28,9,6
1327,7.0,10,28,10,6
1365,7.125,10,28,11,6
1735,9.875,10,28,12,6
1702,21.0,10,28,13,6
1502,27.375,10,28,14,6
1612,9.5,10,28,15,6
1647,9.0,10,28,16,6
1504,7.75,10,28,17,6
1504,8.0,10,28,18,6
1549,8.125,10,28,19,6
1146,6.125,10,28,20,6
884,4.25,10,28,21,6
720,3.25,10,28,22,6
702,3.25,10,28,23,6
457,1.875,10,29,0,6
300,1.0,10,29,1,6
183,0.25,10,29,2,6
151,0.125,10,29,3,6
114,0.0,10,29,4,6
40,0.0,10,29,5,6
63,0.0,10,29,6,6
150,0.125,10,29,7,6
330,1.25,10,29,8,6
626,3.0,10,29,9,6
937,4.5,10,29,10,6
1283,6.75,10,29,11,6
1304,6.625,10,29,12,6
1668,15.875,10,29,13,6
1470,7.625,10,29,14,6
1453,7.5,10,29,15,6
1461,8.0,10,29,16,6
1342,6.75,10,29,17,6
1325,6.75,10,29,18,6
1145,5.625,10,29,19,6
620,2.875,10,29,20,6
507,2.125,10,29,21,6
318,1.125,10,29,22,6
177,0.5,10,29,23,6
86,0.0,10,30,0,1
45,0.0,10,30,1,1
30,0.0,10,30,2,1
23,0.0,10,30,3,1
33,0.0,10,30,4,1
138,0.375,10,30,5,1
558,2.5,10,30,6,1
1389,9.5,10,30,7,1
838,26.5,10,30,8,1
1211,28.625,10,30,9,1
1642,9.0,10,30,10,1
1231,6.25,10,30,11,1
1686,6.9,10,30,12,1
1359,7.375,10,30,13,1
1234,6.5,10,30,14,1
1323,6.5,10,30,15,1
1481,8.0,10,30,16,1
1305,17.625,10,30,17,1
1518,11.0,10,30,18,1
1314,6.75,10,30,19,1
816,3.75,10,30,20,1
494,2.0,10,30,21,1
304,1.0,10,30,22,1
171,0.25,10,30,23,1
87,0.0,10,31,0,2
47,0.0,10,31,1,2
25,0.0,10,31,2,2
13,0.0,10,31,3,2
27,0.0,10,31,4,2
171,0.5,10,31,5,2
587,2.625,10,31,6,2
1275,10.375,10,31,7,2
450,25.875,10,31,8,2
909,32.375,10,31,9,2
1653,9.625,10,31,10,2
1268,6.375,10,31,11,2
1309,6.75,10,31,12,2
1270,6.875,10,31,13,2
1222,6.5,10,31,14,2
1372,7.125,10,31,15,2
1367,7.25,10,31,16,2
915,37.5,10,31,17,2
1052,38.75,10,31,18,2
1308,7.0,10,31,19,2
643,3.375,10,31,20,2
516,2.625,10,31,21,2
399,1.75,10,31,22,2
319,1.0,10,31,23,2
129,0.0,11,1,0,3
81,0.0,11,1,1,3
54,0.0,11,1,2,3
39,0.0,11,1,3,3
33,0.0,11,1,4,3
150,0.375,11,1,5,3
576,2.375,11,1,6,3
1432,9.375,11,1,7,3
450,25.0,11,1,8,3
384,31.0,11,1,9,3
1184,9.125,11,1,10,3
1361,7.125,11,1,11,3
1416,7.25,11,1,12,3
1409,7.5,11,1,13,3
1243,6.375,11,1,14,3
1380,7.125,11,1,15,3
1905,8.2,11,1,16,3
1378,24.875,11,1,17,3
1307,35.0,11,1,18,3
1407,19.75,11,1,19,3
877,4.375,11,1,20,3
461,1.875,11,1,21,3
331,1.25,11,1,22,3
54,0.0,11,2,0,4
51,0.0,11,2,1,4
42,0.0,11,2,2,4
15,0.0,11,2,3,4
27,0.0,11,2,4,4
174,0.375,11,2,5,4
666,3.125,11,2,6,4
1239,11.75,11,2,7,4
1719,39.375,11,2,8,4
1490,36.5,11,2,9,4
1357,11.125,11,2,10,4
1362,7.25,11,2,11,4
1501,7.875,11,2,12,4
1532,7.875,11,2,13,4
1473,8.0,11,2,14,4
1434,7.75,11,2,15,4
1655,9.0,11,2,16,4
1126,39.375,11,2,17,4
1148,39.5,11,2,18,4
1139,32.875,11,2,19,4
824,4.0,11,2,20,4
519,2.375,11,2,21,4
401,1.5,11,2,22,4
250,0.875,11,2,23,4
131,0.125,11,3,0,5
64,0.0,11,3,1,5
30,0.0,11,3,2,5
32,0.0,11,3,3,5
33,0.0,11,3,4,5
153,0.25,11,3,5,5
545,2.375,11,3,6,5
1620,9.0,11,3,7,5
341,28.5,11,3,8,5
834,26.6,11,3,9,5
1000,9.167,11,3,10,5
1517,7.875,11,3,11,5
1587,8.5,11,3,12,5
1712,9.25,11,3,13,5
1438,7.75,11,3,14,5
1505,8.25,11,3,15,5
1635,9.5,11,3,16,5
1127,40.5,11,3,17,5
1359,28.125,11,3,18,5
1307,14.833,11,3,19,5
1406,7.5,11,3,20,5
913,4.375,11,3,21,5
687,3.125,11,3,22,5
519,2.25,11,3,23,5
352,1.5,11,4,0,6
175,0.375,11,4,1,6
113,0.0,11,4,2,6
77,0.0,11,4,3,6
39,0.0,11,4,4,6
50,0.0,11,4,5,6
135,0.25,11,4,6,6
323,1.125,11,4,7,6
468,2.0,11,4,8,6
1062,5.375,11,4,9,6
1139,5.5,11,4,10,6
1351,7.0,11,4,11,6
1549,8.25,11,4,12,6
1646,8.5,11,4,13,6
1594,8.75,11,4,14,6
1545,8.25,11,4,15,6
1531,8.25,11,4,16,6
1522,7.875,11,4,17,6
1354,10.5,11,4,18,6
1336,10.75,11,4,19,6
1212,6.125,11,4,20,6
899,4.25,11,4,21,6
639,2.875,11,4,22,6
526,2.5,11,4,23,6
360,1.5,11,5,0,6
268,0.5,11,5,1,6
24,0.0,11,5,2,6
660,6.5,11,6,15,1
1526,8.25,11,6,16,1
1157,24.5,11,6,17,1
1151,37.125,11,6,18,1
1294,11.875,11,6,19,1
708,3.25,11,6,20,1
487,2.0,11,6,21,1
264,1.0,11,6,22,1
159,0.375,11,6,23,1
69,0.0,11,7,0,2
38,0.0,11,7,1,2
22,0.0,11,7,2,2
15,0.0,11,7,3,2
40,0.0,11,7,4,2
190,0.5,11,7,5,2
662,3.0,11,7,6,2
1150,11.0,11,7,7,2
391,28.25,11,7,8,2
1270,11.875,11,7,9,2
1642,8.5,11,7,10,2
1697,7.0,11,7,11,2
1319,6.5,11,7,12,2
1397,7.25,11,7,13,2
1212,6.25,11,7,14,2
1602,6.7,11,7,15,2
1592,9.125,11,7,16,2
1382,32.0,11,7,17,2
1253,34.625,11,7,18,2
1406,7.75,11,7,19,2
797,3.75,11,7,20,2
539,2.375,11,7,21,2
339,1.25,11,7,22,2
176,0.5,11,7,23,2
66,0.0,11,8,0,3
69,0.0,11,8,1,3
24,0.0,11,8,2,3
33,0.0,11,8,3,3
24,0.0,11,8,4,3
84,0.0,11,8,5,3
496,2.25,11,8,6,3
1277,8.125,11,8,7,3
848,18.875,11,8,8,3
577,28.875,11,8,9,3
1346,10.5,11,8,10,3
1427,7.625,11,8,11,3
1449,7.625,11,8,12,3
1377,7.25,11,8,13,3
1214,6.25,11,8,14,3
1246,6.25,11,8,15,3
1486,8.125,11,8,16,3
1349,23.0,11,8,17,3
784,43.375,11,8,18,3
1234,23.25,11,8,19,3
1031,5.375,11,8,20,3
596,2.875,11,8,21,3
384,1.5,11,8,22,3
210,0.625,11,8,23,3
127,0.125,11,9,0,4
64,0.0,11,9,1,4
31,0.0,11,9,2,4
18,0.0,11,9,3,4
25,0.0,11,9,4,4
108,0.125,11,9,5,4
426,1.625,11,9,6,4
1271,8.125,11,9,7,4
697,20.375,11,9,8,4
174,33.625,11,9,9,4
1512,14.375,11,9,10,4
1355,7.0,11,9,11,4
1461,7.625,11,9,12,4
1446,7.375,11,9,13,4
1412,7.25,11,9,14,4
1452,7.75,11,9,15,4
1568,8.375,11,9,16,4
1593,24.625,11,9,17,4
1600,27.75,11,9,18,4
1370,32.25,11,9,19,4
1160,4.6,11,9,20,4
586,2.625,11,9,21,4
510,2.375,11,9,22,4
311,1.375,11,9,23,4
177,0.375,11,10,0,5
80,0.0,11,10,1,5
45,0.0,11,10,2,5
45,0.0,11,10,3,5
43,0.0,11,10,4,5
139,0.125,11,10,5,5
477,1.75,11,10,6,5
1527,8.0,11,10,7,5
472,14.125,11,10,8,5
1228,11.75,11,10,9,5
1557,8.25,11,10,10,5
1524,8.25,11,10,11,5
1594,8.375,11,10,12,5
1401,7.375,11,10,13,5
1402,7.5,11,10,14,5
1577,8.375,11,10,15,5
1663,9.125,11,10,16,5
1539,33.25,11,10,17,5
1352,11.5,11,10,18,5
1515,23.125,11,10,19,5
1150,5.75,11,10,20,5
726,3.5,11,10,21,5
584,2.5,11,10,22,5
448,1.75,11,10,23,5
298,1.0,11,11,0,6
198,0.5,11,11,1,6
131,0.0,11,11,2,6
66,0.0,11,11,3,6
36,0.0,11,11,4,6
80,0.125,11,11,5,6
170,0.125,11,11,6,6
392,1.625,11,11,7,6
637,3.125,11,11,8,6
925,4.125,11,11,9,6
1171,5.5,11,11,10,6
1341,6.75,11,11,11,6
1531,8.875,11,11,12,6
1610,8.5,11,11,13,6
1529,8.125,11,11,14,6
1676,9.25,11,11,15,6
1618,8.5,11,11,16,6
1652,9.125,11,11,17,6
1604,9.25,11,11,18,6
1583,8.875,11,11,19,6
950,4.5,11,11,20,6
717,3.25,11,11,21,6
685,3.25,11,11,22,6
471,2.125,11,11,23,6
379,1.625,11,12,0,6
171,0.25,11,12,1,6
147,0.25,11,12,2,6
97,0.0,11,12,3,6
56,0.0,11,12,4,6
44,0.0,11,12,5,6
106,0.0,11,12,6,6
200,0.75,11,12,7,6
333,1.25,11,12,8,6
633,2.75,11,12,9,6
978,4.5,11,12,10,6
1455,7.5,11,12,11,6
1399,7.25,11,12,12,6
1655,18.375,11,12,13,6
1480,7.75,11,12,14,6
1320,6.625,11,12,15,6
1395,6.875,11,12,16,6
1247,6.625,11,12,17,6
1213,6.375,11,12,18,6
934,4.75,11,12,19,6
546,2.5,11,12,20,6
731,3.625,11,12,21,6
291,1.125,11,12,22,6
177,0.5,11,12,23,6
53,0.0,11,13,0,1
48,0.0,11,13,1,1
27,0.0,11,13,2,1
17,0.0,11,13,3,1
25,0.0,11,13,4,1
92,0.0,11,13,5,1
449,1.875,11,13,6,1
869,29.25,11,13,7,1
786,21.625,11,13,8,1
636,32.25,11,13,9,1
1681,12.875,11,13,10,1
1339,6.875,11,13,11,1
1401,7.5,11,13,12,1
1328,7.0,11,13,13,1
1229,6.25,11,13,14,1
1214,6.25,11,13,15,1
1434,7.375,11,13,16,1
1355,10.0,11,13,17,1
1203,33.25,11,13,18,1
1357,14.125,11,13,19,1
796,3.875,11,13,20,1
544,2.375,11,13,21,1
357,1.25,11,13,22,1
223,0.75,11,13,23,1
100,0.0,11,14,0,2
49,0.0,11,14,1,2
36,0.0,11,14,2,2
23,0.0,11,14,3,2
27,0.0,11,14,4,2
95,0.125,11,14,5,2
483,2.125,11,14,6,2
995,8.0,11,14,7,2
597,20.25,11,14,8,2
518,33.5,11,14,9,2
1712,18.0,11,14,10,2
1332,6.875,11,14,11,2
1493,7.875,11,14,12,2
1544,8.375,11,14,13,2
1275,6.375,11,14,14,2
1280,6.5,11,14,15,2
1567,8.625,11,14,16,2
1311,20.625,11,14,17,2
1131,34.5,11,14,18,2
1470,18.75,11,14,19,2
1018,5.125,11,14,20,2
598,2.75,11,14,21,2
416,1.875,11,14,22,2
219,0.75,11,14,23,2
129,0.125,11,15,0,3
50,0.0,11,15,1,3
28,0.0,11,15,2,3
26,0.0,11,15,3,3
27,0.0,11,15,4,3
94,0.0,11,15,5,3
488,2.0,11,15,6,3
1095,9.375,11,15,7,3
642,21.875,11,15,8,3
369,32.875,11,15,9,3
1781,13.125,11,15,10,3
1397,7.25,11,15,11,3
1515,8.125,11,15,12,3
1371,7.25,11,15,13,3
1273,6.625,11,15,14,3
1478,8.125,11,15,15,3
1518,8.125,11,15,16,3
1621,9.125,11,15,17,3
1337,32.125,11,15,18,3
1426,27.375,11,15,19,3
1124,5.5,11,15,20,3
595,2.625,11,15,21,3
417,1.75,11,15,22,3
291,1.0,11,15,23,3
122,0.125,11,16,0,4
70,0.0,11,16,1,4
44,0.0,11,16,2,4
35,0.0,11,16,3,4
32,0.0,11,16,4,4
100,0.25,11,16,5,4
438,1.75,11,16,6,4
1089,9.0,11,16,7,4
861,23.0,11,16,8,4
387,33.625,11,16,9,4
1321,16.875,11,16,10,4
1457,7.875,11,16,11,4
1541,21.0,11,16,12,4
1447,7.75,11,16,13,4
1782,12.1,11,16,14,4
1520,8.375,11,16,15,4
1609,9.125,11,16,16,4
1311,35.375,11,16,17,4
1111,38.875,11,16,18,4
1233,32.25,11,16,19,4
1024,5.125,11,16,20,4
687,3.375,11,16,21,4
406,1.625,11,16,22,4
260,0.875,11,16,23,4
140,0.0,11,17,0,5
76,0.0,11,17,1,5
56,0.0,11,17,2,5
35,0.0,11,17,3,5
30,0.0,11,17,4,5
156,0.375,11,17,5,5
529,2.25,11,17,6,5
1408,9.125,11,17,7,5
196,29.9,11,17,8,5
367,28.5,11,17,9,5
1082,11.125,11,17,10,5
1601,8.625,11,17,11,5
1749,9.875,11,17,12,5
1681,9.0,11,17,13,5
1616,9.0,11,17,14,5
1652,9.5,11,17,15,5
1620,9.25,11,17,16,5
1356,36.75,11,17,17,5
1180,31.5,11,17,18,5
1836,16.125,11,17,19,5
1285,6.75,11,17,20,5
820,3.875,11,17,21,5
635,2.75,11,17,22,5
423,1.875,11,17,23,5
307,1.125,11,18,0,6
227,0.75,11,18,1,6
100,0.125,11,18,2,6
70,0.0,11,18,3,6
44,0.0,11,18,4,6
68,0.0,11,18,5,6
195,0.5,11,18,6,6
440,2.0,11,18,7,6
718,3.625,11,18,8,6
1102,6.25,11,18,9,6
681,9.25,11,18,10,6
1487,24.0,11,18,11,6
1418,7.25,11,18,12,6
1346,11.0,11,18,13,6
1468,8.125,11,18,14,6
1456,8.125,11,18,15,6
1625,9.125,11,18,16,6
1442,7.625,11,18,17,6
1725,9.75,11,18,18,6
1790,10.375,11,18,19,6
1247,6.625,11,18,20,6
847,4.0,11,18,21,6
691,3.125,11,18,22,6
536,2.25,11,18,23,6
370,1.75,11,19,0,6
216,0.75,11,19,1,6
139,0.0,11,19,2,6
98,0.0,11,19,3,6
58,0.0,11,19,4,6
37,0.0,11,19,5,6
52,0.0,11,19,6,6
153,0.25,11,19,7,6
283,1.125,11,19,8,6
547,2.25,11,19,9,6
902,4.125,11,19,10,6
1287,10.75,11,19,11,6
1431,7.375,11,19,12,6
1456,16.0,11,19,13,6
1788,17.125,11,19,14,6
1457,7.625,11,19,15,6
1468,7.5,11,19,16,6
1202,6.0,11,19,17,6
1104,5.5,11,19,18,6
1104,5.5,11,19,19,6
592,2.75,11,19,20,6
500,2.125,11,19,21,6
342,1.25,11,19,22,6
201,0.5,11,19,23,6
97,0.125,11,20,0,1
63,0.0,11,20,1,1
29,0.0,11,20,2,1
14,0.0,11,20,3,1
20,0.0,11,20,4,1
84,0.0,11,20,5,1
399,1.5,11,20,6,1
1281,6.625,11,20,7,1
999,13.125,11,20,8,1
1230,11.125,11,20,9,1
1685,9.125,11,20,10,1
1316,6.875,11,20,11,1
1467,7.75,11,20,12,1
1500,8.125,11,20,13,1
1322,7.0,11,20,14,1
1396,7.5,11,20,15,1
1496,8.125,11,20,16,1
1407,7.5,11,20,17,1
1425,7.875,11,20,18,1
1564,8.875,11,20,19,1
931,4.5,11,20,20,1
466,2.125,11,20,21,1
378,1.625,11,20,22,1
225,0.75,11,20,23,1
117,0.0,11,21,0,2
52,0.0,11,21,1,2
27,0.0,11,21,2,2
28,0.0,11,21,3,2
29,0.0,11,21,4,2
86,0.0,11,21,5,2
410,1.75,11,21,6,2
1244,6.5,11,21,7,2
1226,10.875,11,21,8,2
1032,11.375,11,21,9,2
1606,8.375,11,21,10,2
1407,7.375,11,21,11,2
1521,8.125,11,21,12,2
1444,7.5,11,21,13,2
1447,7.625,11,21,14,2
1506,8.125,11,21,15,2
1429,7.625,11,21,16,2
1469,14.25,11,21,17,2
1072,24.75,11,21,18,2
1282,7.375,11,21,19,2
1009,5.125,11,21,20,2
518,2.125,11,21,21,2
406,1.5,11,21,22,2
247,0.875,11,21,23,2
143,0.375,11,22,0,3
64,0.0,11,22,1,3
34,0.0,11,22,2,3
34,0.0,11,22,3,3
24,0.0,11,22,4,3
63,0.0,11,22,5,3
398,1.625,11,22,6,3
965,4.625,11,22,7,3
1467,7.375,11,22,8,3
1489,7.625,11,22,9,3
1309,6.625,11,22,10,3
1228,6.25,11,22,11,3
1519,7.875,11,22,12,3
1745,9.875,11,22,13,3
1582,8.875,11,22,14,3
1620,8.875,11,22,15,3
1412,7.375,11,22,16,3
1207,6.0,11,22,17,3
940,4.375,11,22,18,3
775,3.5,11,22,19,3
728,3.375,11,22,20,3
615,2.75,11,22,21,3
449,1.875,11,22,22,3
329,1.375,11,22,23,3
172,0.375,11,23,0,4
117,0.0,11,23,1,4
59,0.0,11,23,2,4
43,0.0,11,23,3,4
38,0.0,11,23,4,4
26,0.0,11,23,5,4
57,0.0,11,23,6,4
136,0.125,11,23,7,4
66,0.125,11,23,8,4
18,0.0,11,23,9,4
548,6.25,11,23,10,4
552,9.0,11,23,11,4
27,0.0,11,23,12,4
408,1.75,11,23,13,4
526,2.25,11,23,14,4
451,1.625,11,23,15,4
537,2.375,11,23,16,4
441,1.625,11,23,17,4
490,2.125,11,23,18,4
451,1.75,11,23,19,4
408,1.625,11,23,20,4
364,1.25,11,23,21,4
349,1.25,11,23,22,4
275,1.125,11,23,23,4
138,0.125,11,24,0,5
99,0.0,11,24,1,5
56,0.0,11,24,2,5
22,0.0,11,24,3,5
11,0.0,11,24,4,5
40,0.0,11,24,5,5
75,0.0,11,24,6,5
206,0.5,11,24,7,5
360,1.375,11,24,8,5
525,2.375,11,24,9,5
706,3.125,11,24,10,5
842,4.0,11,24,11,5
1085,5.25,11,24,12,5
1167,5.875,11,24,13,5
1197,6.0,11,24,14,5
1252,6.375,11,24,15,5
1290,6.625,11,24,16,5
1257,6.5,11,24,17,5
1335,7.0,11,24,18,5
1124,5.75,11,24,19,5
792,3.625,11,24,20,5
634,3.0,11,24,21,5
524,2.25,11,24,22,5
362,1.5,11,24,23,5
299,1.125,11,25,0,6
208,0.5,11,25,1,6
127,0.125,11,25,2,6
89,0.0,11,25,3,6
29,0.0,11,25,4,6
38,0.0,11,25,5,6
109,0.125,11,25,6,6
227,0.375,11,25,7,6
270,0.875,11,25,8,6
539,2.25,11,25,9,6
813,3.625,11,25,10,6
1117,5.625,11,25,11,6
1214,6.125,11,25,12,6
1339,7.0,11,25,13,6
1368,7.375,11,25,14,6
1413,7.375,11,25,15,6
1191,6.0,11,25,16,6
1217,6.125,11,25,17,6
1372,7.25,11,25,18,6
1420,7.625,11,25,19,6
935,4.625,11,25,20,6
742,3.375,11,25,21,6
527,2.375,11,25,22,6
428,1.625,11,25,23,6
258,0.875,11,26,0,6
164,0.125,11,26,1,6
120,0.0,11,26,2,6
88,0.0,11,26,3,6
57,0.0,11,26,4,6
45,0.0,11,26,5,6
61,0.0,11,26,6,6
156,0.125,11,26,7,6
252,0.75,11,26,8,6
500,2.0,11,26,9,6
785,3.75,11,26,10,6
1062,5.0,11,26,11,6
1166,5.625,11,26,12,6
1383,7.5,11,26,13,6
1306,6.625,11,26,14,6
1189,5.75,11,26,15,6
1176,6.125,11,26,16,6
1031,5.125,11,26,17,6
1074,5.625,11,26,18,6
827,3.875,11,26,19,6
551,2.25,11,26,20,6
407,1.625,11,26,21,6
252,1.0,11,26,22,6
137,0.125,11,26,23,6
62,0.0,11,27,0,1
43,0.0,11,27,1,1
23,0.0,11,27,2,1
17,0.0,11,27,3,1
25,0.0,11,27,4,1
174,0.375,11,27,5,1
570,2.5,11,27,6,1
1429,9.75,11,27,7,1
609,25.0,11,27,8,1
1224,25.125,11,27,9,1
1394,7.25,11,27,10,1
1130,5.625,11,27,11,1
1251,6.375,11,27,12,1
1247,6.125,11,27,13,1
1117,5.5,11,27,14,1
1212,6.25,11,27,15,1
1410,7.5,11,27,16,1
2112,10.333,11,27,17,1
3014,12.625,11,27,18,1
2516,6.75,11,27,19,1
1366,2.875,11,27,20,1
924,1.875,11,27,21,1
580,1.0,11,27,22,1
350,0.25,11,27,23,1
156,0.0,11,28,0,2
98,0.0,11,28,1,2
46,0.0,11,28,2,2
26,0.0,11,28,3,2
56,0.0,11,28,4,2
338,0.5,11,28,5,2
1212,2.75,11,28,6,2
1992,10.0,11,28,7,2
810,26.25,11,28,8,2
1242,33.875,11,28,9,2
1523,8.0,11,28,10,2
1283,6.5,11,28,11,2
1436,8.125,11,28,12,2
1347,6.75,11,28,13,2
1205,5.875,11,28,14,2
1315,6.75,11,28,15,2
637,27.25,11,28,16,2
